Workbook
Name TX_Mean_Overall_Rating: analysis!$E$9
Name TX_Median_Overall_Rating: analysis!$E$10
Name TX_Median_Rating_9_10: analysis!$E$7
Name TX_Median_Readmission: analysis!$E$8
Name TX_Median_Recommend: analysis!$E$4
Name TX_Recommend_Q1: analysis!$E$5
Name TX_Recommend_Q3: analysis!$E$6
Name X_Recommend_Q1: analysis!$E$5

Sheet hospital-cleaned
A1: Facility_ID | B1: Facility_Name | C1: Address | D1: City | E1: State | F1: ZIP_Code | G1: County | H1: Telephone_Number | I1: Hospital_Type | J1: Hospital_Ownership | K1: Emergency_Services | L1: Overall_Rating | M1: Overall_Rating_Raw | N1: Overall_Rating_Footnote
A2: 450002 | B2: THE HOSPITALS OF PROVIDENCE - MEMORIAL CAMPUS | C2: 2001 N OREGON ST | D2: EL PASO | E2: TX | F2: 79902 | G2: EL PASO | H2: (915) 577-6011 | I2: Acute Care Hospitals | J2: Proprietary | K2: Yes | L2: 2 | M2: 2
A3: 450007 | B3: PETERSON REGIONAL MEDICAL CENTER | C3: 551 HILL COUNTRY DRIVE | D3: KERRVILLE | E3: TX | F3: 78028 | G3: KERR | H3: (830) 896-4200 | I3: Acute Care Hospitals | J3: Voluntary non-profit - Private | K3: Yes | L3: 4 | M3: 4
A4: 450010 | B4: UNITED REGIONAL HEALTH CARE SYSTEM | C4: 1600 11TH STREET | D4: WICHITA FALLS | E4: TX | F4: 76301 | G4: WICHITA | H4: (940) 764-7000 | I4: Acute Care Hospitals | J4: Voluntary non-profit - Private | K4: Yes | L4: 3 | M4: 3
A5: 450011 | B5: CHI ST JOSEPH HEALTH REGIONAL HOSPITAL | C5: 2801 FRANCISCAN DR | D5: BRYAN | E5: TX | F5: 77802 | G5: BRAZOS | H5: (979) 776-3912 | I5: Acute Care Hospitals | J5: Voluntary non-profit - Private | K5: Yes | L5: 2 | M5: 2
A6: 450015 | B6: PARKLAND HEALTH & HOSPITAL SYSTEM | C6: 5200 HARRY HINES BLVD | D6: DALLAS | E6: TX | F6: 75235 | G6: DALLAS | H6: (214) 590-8000 | I6: Acute Care Hospitals | J6: Government - Hospital District or Authority | K6: Yes | L6: 3 | M6: 3
A7: 450018 | B7: UNIVERSITY OF TEXAS MEDICAL BRANCH GALVESTON | C7: 301 UNIVERSITY BOULEVARD | D7: GALVESTON | E7: TX | F7: 77555 | G7: GALVESTON | H7: (409) 772-1011 | I7: Acute Care Hospitals | J7: Government - State | K7: Yes | L7: 3 | M7: 3
A8: 450021 | B8: BAYLOR UNIVERSITY MEDICAL CENTER | C8: 3500 GASTON AVE | D8: DALLAS | E8: TX | F8: 75246 | G8: DALLAS | H8: (214) 820-8082 | I8: Acute Care Hospitals | J8: Voluntary non-profit - Private | K8: Yes | L8: 4 | M8: 4
A9: 450023 | B9: CITIZENS MEDICAL CENTER | C9: 2701 HOSPITAL DRIVE | D9: VICTORIA | E9: TX | F9: 77901 | G9: VICTORIA | H9: (361) 573-9181 | I9: Acute Care Hospitals | J9: Voluntary non-profit - Other | K9: Yes | L9: 3 | M9: 3
A10: 450024 | B10: UNIVERSITY MEDICAL CENTER OF EL PASO | C10: 4815 ALAMEDA AVE | D10: EL PASO | E10: TX | F10: 79905 | G10: EL PASO | H10: (915) 521-7602 | I10: Acute Care Hospitals | J10: Physician | K10: Yes | L10: 3 | M10: 3
A11: 450028 | B11: VALLEY BAPTIST MEDICAL CENTER- BROWNSVILLE | C11: 1040 W JEFFERSON ST | D11: BROWNSVILLE | E11: TX | F11: 78520 | G11: CAMERON | H11: (956) 544-1400 | I11: Acute Care Hospitals | J11: Proprietary | K11: Yes | L11: 3 | M11: 3
A12: 450029 | B12: LAREDO MEDICAL CENTER | C12: 1700 EAST SAUNDERS | D12: LAREDO | E12: TX | F12: 78044 | G12: WEBB | H12: (956) 796-5000 | I12: Acute Care Hospitals | J12: Proprietary | K12: Yes | L12: 4 | M12: 4
A13: 450032 | B13: CHRISTUS GOOD SHEPHERD MEDICAL CENTER | C13: 700 E MARSHALL AVE | D13: LONGVIEW | E13: TX | F13: 75601 | G13: GREGG | H13: (903) 927-6712 | I13: Acute Care Hospitals | J13: Voluntary non-profit - Private | K13: Yes | L13: 4 | M13: 4
... A18: 450040 | B18: COVENANT MEDICAL CENTER | C18: 3615 19TH STREET | D18: LUBBOCK | E18: TX | F18: 79410 | G18: LUBBOCK | H18: (806) 725-4431 | I18: Acute Care Hospitals | J18: Voluntary non-profit - Private | K18: Yes | L18: 3 | M18: 3
A19: 450042 | B19: ASCENSION PROVIDENCE | C19: 6901 MEDICAL PARKWAY | D19: WACO | E19: TX | F19: 76712 | G19: MC LENNAN | H19: (254) 751-4000 | I19: Acute Care Hospitals | J19: Voluntary non-profit - Private | K19: Yes | L19: 2 | M19: 2 | N19: 29
A20: 450044 | B20: UT OF TEXAS SOUTHWESTERN UNIVERSITY HOSPITAL - WILLIAM P. CLEMENTS JR. | C20: 6201 HARRY HINES BLVD | D20: DALLAS | E20: TX | F20: 75390 | G20: DALLAS | H20: (214) 633-5555 | I20: Acute Care Hospitals | J20: Government - State | K20: Yes | L20: 4 | M20: 4
A21: 450046 | B21: CHRISTUS SPOHN HOSPITAL CORPUS CHRISTI | C21: 600 ELIZABETH STREET | D21: CORPUS CHRISTI | E21: TX | F21: 78404 | G21: NUECES | H21: (361) 902-4103 | I21: Acute Care Hospitals | J21: Voluntary non-profit - Private | K21: Yes | L21: 3 | M21: 3
A22: 450051 | B22: METHODIST DALLAS MEDICAL CENTER | C22: 1441 NORTH BECKLEY AVENUE | D22: DALLAS | E22: TX | F22: 75203 | G22: DALLAS | H22: (214) 947-8181 | I22: Acute Care Hospitals | J22: Voluntary non-profit - Other | K22: Yes | L22: 3 | M22: 3
A23: 450054 | B23: BAYLOR SCOTT & WHITE MEDICAL CENTER - TEMPLE | C23: 2401 S 31ST ST | D23: TEMPLE | E23: TX | F23: 76508 | G23: BELL | H23: (254) 724-2111 | I23: Acute Care Hospitals | J23: Voluntary non-profit - Private | K23: Yes | L23: 5 | M23: 5
A24: 450055 | B24: ROLLING PLAINS MEMORIAL HOSPITAL | C24: 200 E ARIZONA | D24: SWEETWATER | E24: TX | F24: 79556 | G24: NOLAN | H24: (325) 235-1701 | I24: Acute Care Hospitals | J24: Government - Hospital District or Authority | K24: Yes | M24: Not Available | N24: 16
A25: 450056 | B25: ASCENSION SETON MEDICAL CENTER AUSTIN | C25: 1201 W 38TH ST | D25: AUSTIN | E25: TX | F25: 78705 | G25: TRAVIS | H25: (512) 324-1000 | I25: Acute Care Hospitals | J25: Voluntary non-profit - Private | K25: Yes | L25: 3 | M25: 3 | N25: 29
A26: 450058 | B26: BAPTIST MEDICAL CENTER | C26: 111 DALLAS STREET | D26: SAN ANTONIO | E26: TX | F26: 78205 | G26: BEXAR | H26: (210) 297-8256 | I26: Acute Care Hospitals | J26: Proprietary | K26: Yes | L26: 3 | M26: 3
A27: 450064 | B27: TEXAS HEALTH ARLINGTON MEMORIAL HOSPITAL | C27: 800 W RANDOL MILL RD | D27: ARLINGTON | E27: TX | F27: 76012 | G27: TARRANT | H27: (817) 548-6200 | I27: Acute Care Hospitals | J27: Voluntary non-profit - Private | K27: Yes | L27: 4 | M27: 4
A28: 450068 | B28: MEMORIAL HERMANN - TEXAS MEDICAL CENTER | C28: 6411 FANNIN | D28: HOUSTON | E28: TX | F28: 77030 | G28: HARRIS | H28: (713) 704-3700 | I28: Acute Care Hospitals | J28: Voluntary non-profit - Private | K28: Yes | L28: 4 | M28: 4
A29: 450072 | B29: CHI ST LUKE'S HEALTH BRAZOSPORT | C29: 100 MEDICAL DRIVE | D29: LAKE JACKSON | E29: TX | F29: 77566 | G29: BRAZORIA | H29: (979) 297-4411 | I29: Acute Care Hospitals | J29: Voluntary non-profit - Private | K29: Yes | L29: 4 | M29: 4
A30: 450079 | B30: BAYLOR SCOTT & WHITE MEDICAL CENTER AT IRVING | C30: 1901 N MACARTHUR BLVD | D30: IRVING | E30: TX | F30: 75061 | G30: DALLAS | H30: (972) 579-8100 | I30: Acute Care Hospitals | J30: Voluntary non-profit - Private | K30: Yes | L30: 5 | M30: 5
A31: 450080 | B31: TITUS REGIONAL MEDICAL CENTER | C31: 2001 N JEFFERSON | D31: MOUNT PLEASANT | E31: TX | F31: 75455 | G31: TITUS | H31: (903) 577-6000 | I31: Acute Care Hospitals | J31: Government - Hospital District or Authority | K31: Yes | L31: 3 | M31: 3
A32: 450082 | B32: CHRISTUS SPOHN HOSPITAL BEEVILLE | C32: 1500 E HOUSTON HWY | D32: BEEVILLE | E32: TX | F32: 78102 | G32: BEE | H32: (361) 354-2000 | I32: Acute Care Hospitals | J32: Voluntary non-profit - Private | K32: Yes | L32: 2 | M32: 2
A33: 450083 | B33: UT HEALTH EAST TEXAS TYLER REGIONAL HOSPITAL | C33: 1000 SOUTH BECKHAM AVE | D33: TYLER | E33: TX | F33: 75701 | G33: SMITH | H33: (903) 597-0351 | I33: Acute Care Hospitals | J33: Proprietary | K33: Yes | L33: 2 | M33: 2
A34: 450087 | B34: MEDICAL CITY NORTH HILLS | C34: 4401 BOOTH CALLOWAY ROAD | D34: NORTH RICHLAND HILLS | E34: TX | F34: 76180 | G34: TARRANT | H34: (817) 255-1000 | I34: Acute Care Hospitals | J34: Proprietary | K34: Yes | L34: 2 | M34: 2
A35: 450090 | B35: NORTH TEXAS MEDICAL CENTER | C35: 1900 HOSPITAL BLVD | D35: GAINESVILLE | E35: TX | F35: 76240 | G35: COOKE | H35: (940) 612-8600 | I35: Acute Care Hospitals | J35: Voluntary non-profit - Private | K35: Yes | L35: 4 | M35: 4
A36: 450092 | B36: FORT DUNCAN MEDICAL CENTER | C36: 3333 N FOSTER MALDONADO BLVD | D36: EAGLE PASS | E36: TX | F36: 78852 | G36: MAVERICK | H36: (830) 773-5321 | I36: Acute Care Hospitals | J36: Proprietary | K36: Yes | L36: 3 | M36: 3
A37: 450097 | B37: HCA HOUSTON HEALTHCARE SOUTHEAST | C37: 4000 SPENCER HWY | D37: PASADENA | E37: TX | F37: 77504 | G37: HARRIS | H37: (713) 359-1000 | I37: Acute Care Hospitals | J37: Proprietary | K37: Yes | L37: 3 | M37: 3
... A43: 450119 | B43: SOUTH TEXAS HEALTH SYSTEM | C43: 1102 W TRENTON ROAD | D43: EDINBURG | E43: TX | F43: 78539 | G43: HIDALGO | H43: (956) 632-4000 | I43: Acute Care Hospitals | J43: Proprietary | K43: Yes | L43: 4 | M43: 4
A44: 450124 | B44: DELL SETON MED CENTER AT THE UNIVERSITY OF TX | C44: 601 E 15TH STREET | D44: AUSTIN | E44: TX | F44: 78701 | G44: TRAVIS | H44: (512) 324-7000 | I44: Acute Care Hospitals | J44: Voluntary non-profit - Private | K44: No | L44: 4 | M44: 4 | N44: 29
A45: 450128 | B45: KNAPP MEDICAL CENTER | C45: 1401 EAST EIGHT STREET | D45: WESLACO | E45: TX | F45: 78596 | G45: HIDALGO | H45: (956) 968-8567 | I45: Acute Care Hospitals | J45: Voluntary non-profit - Private | K45: Yes | L45: 5 | M45: 5
A46: 450132 | B46: MEDICAL CENTER HOSPITAL | C46: 500 W 4TH STREET | D46: ODESSA | E46: TX | F46: 79761 | G46: ECTOR | H46: (432) 640-4000 | I46: Acute Care Hospitals | J46: Government - Hospital District or Authority | K46: Yes | L46: 3 | M46: 3
A47: 450133 | B47: MIDLAND MEMORIAL HOSPITAL | C47: 400 ROSALIND REDFERN GROVER PARKWAY | D47: MIDLAND | E47: TX | F47: 79701 | G47: MIDLAND | H47: (432) 685-1111 | I47: Acute Care Hospitals | J47: Government - Hospital District or Authority | K47: Yes | L47: 1 | M47: 1
A48: 450135 | B48: TEXAS HEALTH HARRIS METHODIST FORT WORTH | C48: 1301 PENNSYLVANIA AVENUE | D48: FORT WORTH | E48: TX | F48: 76104 | G48: TARRANT | H48: (817) 250-2100 | I48: Acute Care Hospitals | J48: Voluntary non-profit - Private | K48: Yes | L48: 4 | M48: 4
A49: 450137 | B49: BAYLOR SCOTT AND WHITE ALL SAINTS MEDICAL CENTER | C49: 1400 EIGHTH AVE | D49: FORT WORTH | E49: TX | F49: 76104 | G49: TARRANT | H49: (817) 926-2544 | I49: Acute Care Hospitals | J49: Voluntary non-profit - Private | K49: No | L49: 4 | M49: 4
A50: 450144 | B50: PERMIAN REGIONAL MEDICAL CENTER ANDREWS COUNTY HO | C50: 720 HOSPITAL DRIVE | D50: ANDREWS | E50: TX | F50: 79714 | G50: ANDREWS | H50: (432) 523-2200 | I50: Acute Care Hospitals | J50: Government - Hospital District or Authority | K50: Yes | M50: Not Available | N50: 16
A51: 450147 | B51: DE TAR HOSPITAL NAVARRO | C51: 506 E SAN ANTONIO ST | D51: VICTORIA | E51: TX | F51: 77901 | G51: VICTORIA | H51: (361) 575-7441 | I51: Acute Care Hospitals | J51: Proprietary | K51: Yes | L51: 2 | M51: 2
A52: 450148 | B52: TEXAS HEALTH HARRIS METHODIST HOSPITAL CLEBURNE | C52: 201 WALLS DRIVE | D52: CLEBURNE | E52: TX | F52: 76031 | G52: JOHNSON | H52: (817) 641-2251 | I52: Acute Care Hospitals | J52: Voluntary non-profit - Private | K52: Yes | L52: 5 | M52: 5
A53: 450152 | B53: ADVENTHEALTH CENTRAL TEXAS | C53: 2201 S CLEAR CREEK ROAD | D53: KILLEEN | E53: TX | F53: 76542 | G53: BELL | H53: (254) 526-7523 | I53: Acute Care Hospitals | J53: Voluntary non-profit - Church | K53: Yes | L53: 3 | M53: 3
A54: 450154 | B54: VAL VERDE REGIONAL MEDICAL CENTER | C54: 801 BEDELL AVE | D54: DEL RIO | E54: TX | F54: 78840 | G54: VAL VERDE | H54: (830) 775-8566 | I54: Acute Care Hospitals | J54: Government - Hospital District or Authority | K54: Yes | L54: 3 | M54: 3
A55: 450155 | B55: HEREFORD REGIONAL MEDICAL CENTER | C55: 801 EAST THIRD | D55: HEREFORD | E55: TX | F55: 79045 | G55: DEAF SMITH | H55: (806) 364-2141 | I55: Acute Care Hospitals | J55: Government - Hospital District or Authority | K55: Yes | M55: Not Available | N55: 16
A56: 450162 | B56: GRACE SURGICAL HOSPITAL | C56: 2412 50TH ST | D56: LUBBOCK | E56: TX | F56: 79412 | G56: LUBBOCK | H56: (806) 788-4000 | I56: Acute Care Hospitals | J56: Voluntary non-profit - Private | K56: Yes | M56: Not Available | N56: 16
A57: 450163 | B57: CHRISTUS SPOHN HOSPITAL KLEBERG | C57: 1311 EAST GENERAL CAVAZOS BLVD | D57: KINGSVILLE | E57: TX | F57: 78363 | G57: KLEBERG | H57: (361) 595-1661 | I57: Acute Care Hospitals | J57: Voluntary non-profit - Private | K57: Yes | L57: 2 | M57: 2
A58: 450165 | B58: METHODIST HOSPITAL ATASCOSA | C58: 1905 HWY 97 EAST | D58: JOURDANTON | E58: TX | F58: 78026 | G58: ATASCOSA | H58: (830) 769-3515 | I58: Acute Care Hospitals | J58: Proprietary | K58: Yes | L58: 3 | M58: 3
A59: 450176 | B59: MISSION REGIONAL MEDICAL CENTER | C59: 900 SOUTH BRYAN ROAD | D59: MISSION | E59: TX | F59: 78572 | G59: HIDALGO | H59: (956) 323-9000 | I59: Acute Care Hospitals | J59: Voluntary non-profit - Private | K59: Yes | L59: 4 | M59: 4
A60: 450184 | B60: MEMORIAL HERMANN HOSPITAL SYSTEM | C60: 1635 NORTH LOOP WEST | D60: HOUSTON | E60: TX | F60: 77008 | G60: HARRIS | H60: (713) 448-6796 | I60: Acute Care Hospitals | J60: Voluntary non-profit - Private | K60: Yes | L60: 3 | M60: 3
A61: 450193 | B61: Baylor St Lukes Medical Center | C61: 6720 BERTNER AVE, STE MC1-266 | D61: HOUSTON | E61: TX | F61: 77030 | G61: HARRIS | H61: (832) 355-1000 | I61: Acute Care Hospitals | J61: Voluntary non-profit - Church | K61: Yes | L61: 4 | M61: 4
A62: 450194 | B62: UT HEALTH EAST TEXAS JACKSONVILLE HOSPITAL | C62: 501 S RAGSDALE | D62: JACKSONVILLE | E62: TX | F62: 75766 | G62: CHEROKEE | H62: (903) 541-5000 | I62: Acute Care Hospitals | J62: Proprietary | K62: Yes | M62: Not Available | N62: 16
A63: 450196 | B63: PARIS REGIONAL MEDICAL CENTER | C63: 865 DESHONG DR | D63: PARIS | E63: TX | F63: 75460 | G63: LAMAR | H63: (903) 785-4521 | I63: Acute Care Hospitals | J63: Proprietary | K63: Yes | L63: 1 | M63: 1
A64: 450200 | B64: WADLEY REGIONAL MEDICAL CENTER | C64: 1000 PINE STREET | D64: TEXARKANA | E64: TX | F64: 75501 | G64: BOWIE | H64: (903) 798-8000 | I64: Acute Care Hospitals | J64: Physician | K64: Yes | M64: Not Available | N64: 16
A65: 450203 | B65: MEDICAL CITY WEATHERFORD | C65: 713 E ANDERSON ST | D65: WEATHERFORD | E65: TX | F65: 76086 | G65: PARKER | H65: (682) 582-1000 | I65: Acute Care Hospitals | J65: Proprietary | K65: Yes | L65: 2 | M65: 2
A66: 450209 | B66: NORTHWEST TEXAS HOSPITAL | C66: 1501 S COULTER ST | D66: AMARILLO | E66: TX | F66: 79106 | G66: POTTER | H66: (806) 354-1110 | I66: Acute Care Hospitals | J66: Voluntary non-profit - Private | K66: Yes | L66: 3 | M66: 3
A67: 450210 | B67: UT HEALTH EAST TEXAS CARTHAGE HOSPITAL | C67: 409 COTTAGE RD | D67: CARTHAGE | E67: TX | F67: 75633 | G67: PANOLA | H67: (903) 693-3841 | I67: Acute Care Hospitals | J67: Proprietary | K67: Yes | L67: 5 | M67: 5
A68: 450211 | B68: CHI ST LUKES HEALTH MEMORIAL LUFKIN | C68: 1201 WEST FRANK STREET | D68: LUFKIN | E68: TX | F68: 75901 | G68: ANGELINA | H68: (936) 634-8111 | I68: Acute Care Hospitals | J68: Voluntary non-profit - Private | K68: Yes | L68: 2 | M68: 2
A69: 450213 | B69: UNIVERSITY HEALTH SYSTEM | C69: 4502 MEDICAL DR | D69: SAN ANTONIO | E69: TX | F69: 78229 | G69: BEXAR | H69: (210) 358-2637 | I69: Acute Care Hospitals | J69: Government - Hospital District or Authority | K69: Yes | L69: 3 | M69: 3
A70: 450222 | B70: HCA HOUSTON HEALTHCARE CONROE | C70: 504 MEDICAL CENTER BLVD | D70: CONROE | E70: TX | F70: 77304 | G70: MONTGOMERY | H70: (936) 539-1111 | I70: Acute Care Hospitals | J70: Proprietary | K70: Yes | L70: 2 | M70: 2
A71: 450229 | B71: HENDRICK MEDICAL CENTER | C71: 1900 PINE | D71: ABILENE | E71: TX | F71: 79601 | G71: TAYLOR | H71: (325) 670-2000 | I71: Acute Care Hospitals | J71: Voluntary non-profit - Private | K71: Yes | L71: 3 | M71: 3
A72: 450231 | B72: BSA HOSPITAL | C72: 1600 WALLACE BLVD | D72: AMARILLO | E72: TX | F72: 79106 | G72: POTTER | H72: (806) 212-2000 | I72: Acute Care Hospitals | J72: Proprietary | K72: Yes | L72: 2 | M72: 2
A73: 450235 | B73: MEMORIAL HOSPITAL | C73: 1110 NORTH SARAH DEWITT DRIVE | D73: GONZALES | E73: TX | F73: 78629 | G73: GONZALES | H73: (830) 672-7581 | I73: Acute Care Hospitals | J73: Government - Hospital District or Authority | K73: No | M73: Not Available | N73: 16
A74: 450236 | B74: CHRISTUS MOTHER FRANCES HOSPITAL SULPHUR SPRINGS | C74: 115 AIRPORT RD | D74: SULPHUR SPRINGS | E74: TX | F74: 75482 | G74: HOPKINS | H74: (903) 885-7671 | I74: Acute Care Hospitals | J74: Voluntary non-profit - Private | K74: Yes | L74: 4 | M74: 4
A75: 450237 | B75: CHRISTUS SANTA ROSA MEDICAL CENTER | C75: 11212 State Hwy 151 | D75: SAN ANTONIO | E75: TX | F75: 78251 | G75: BEXAR | H75: (210) 703-8211 | I75: Acute Care Hospitals | J75: Voluntary non-profit - Private | K75: Yes | L75: 3 | M75: 3
A76: 450241 | B76: FAITH COMMUNITY HOSPITAL | C76: 215 CHISHOLM TRAIL | D76: JACKSBORO | E76: TX | F76: 76458 | G76: JACK | H76: (940) 567-6633 | I76: Acute Care Hospitals | J76: Government - Hospital District or Authority | K76: Yes | M76: Not Available | N76: 16
A77: 450253 | B77: BELLVILLE MEDICAL CENTER | C77: 44 N CUMMINGS ST | D77: BELLVILLE | E77: TX | F77: 77418 | G77: AUSTIN | H77: (979) 865-3141 | I77: Acute Care Hospitals | J77: Government - Hospital District or Authority | K77: Yes | M77: Not Available | N77: 16
A78: 450272 | B78: CHRISTUS SANTA ROSA HOSPITAL-SAN MARCOS | C78: 1301 WONDER WORLD DRIVE | D78: SAN MARCOS | E78: TX | F78: 78666 | G78: HAYS | H78: (512) 753-3511 | I78: Acute Care Hospitals | J78: Voluntary non-profit - Church | K78: Yes | L78: 4 | M78: 4
A79: 450289 | B79: HARRIS HEALTH | C79: 1504 TAUB LOOP | D79: HOUSTON | E79: TX | F79: 77030 | G79: HARRIS | H79: (713) 873-2000 | I79: Acute Care Hospitals | J79: Government - Hospital District or Authority | K79: Yes | L79: 3 | M79: 3
A80: 450292 | B80: TEXAS HEALTH PRESBYTERIAN HOSPITAL KAUFMAN | C80: 850 ED HALL | D80: KAUFMAN | E80: TX | F80: 75142 | G80: KAUFMAN | H80: (972) 932-7200 | I80: Acute Care Hospitals | J80: Voluntary non-profit - Private | K80: Yes | M80: Not Available | N80: 16
A81: 450324 | B81: TEXOMA MEDICAL CENTER | C81: 5016 S US HIGHWAY 75 | D81: DENISON | E81: TX | F81: 75020 | G81: GRAYSON | H81: (903) 416-4000 | I81: Acute Care Hospitals | J81: Proprietary | K81: Yes | L81: 4 | M81: 4
A82: 450330 | B82: OAKBEND MEDICAL CENTER | C82: 1705 JACKSON ST | D82: RICHMOND | E82: TX | F82: 77469 | G82: FORT BEND | H82: (281) 341-3000 | I82: Acute Care Hospitals | J82: Government - Hospital District or Authority | K82: Yes | L82: 3 | M82: 3
A83: 450346 | B83: BAPTIST BEAUMONT HOSPITAL | C83: 3080 COLLEGE STREET | D83: BEAUMONT | E83: TX | F83: 77701 | G83: JEFFERSON | H83: (409) 212-5000 | I83: Acute Care Hospitals | J83: Voluntary non-profit - Private | K83: Yes | L83: 3 | M83: 3
A84: 450347 | B84: HUNTSVILLE MEMORIAL HOSPITAL | C84: 110 MEMORIAL HOSPITAL DRIVE | D84: HUNTSVILLE | E84: TX | F84: 77340 | G84: WALKER | H84: (936) 291-3411 | I84: Acute Care Hospitals | J84: Voluntary non-profit - Private | K84: Yes | L84: 2 | M84: 2
A85: 450351 | B85: TEXAS HEALTH HARRIS METHODIST HOSPITAL STEPHENVILL | C85: 411 N BELKNAP ST | D85: STEPHENVILLE | E85: TX | F85: 76401 | G85: ERATH | H85: (254) 965-1500 | I85: Acute Care Hospitals | J85: Voluntary non-profit - Private | K85: Yes | L85: 4 | M85: 4
A86: 450352 | B86: HUNT REGIONAL MEDICAL CENTER | C86: 4215 JOE RAMSEY BLVD E | D86: GREENVILLE | E86: TX | F86: 75401 | G86: HUNT | H86: (903) 408-5000 | I86: Acute Care Hospitals | J86: Government - Hospital District or Authority | K86: Yes | L86: 2 | M86: 2
A87: 450358 | B87: HOUSTON METHODIST HOSPITAL | C87: 6565 FANNIN | D87: HOUSTON | E87: TX | F87: 77030 | G87: HARRIS | H87: (713) 790-2221 | I87: Acute Care Hospitals | J87: Voluntary non-profit - Private | K87: Yes | L87: 5 | M87: 5
A88: 450369 | B88: CHILDRESS REGIONAL MEDICAL CENTER | C88: HWY 83 NORTH | D88: CHILDRESS | E88: TX | F88: 79201 | G88: CHILDRESS | H88: (940) 937-6371 | I88: Acute Care Hospitals | J88: Government - Hospital District or Authority | K88: Yes | M88: Not Available | N88: 16
A89: 450370 | B89: COLUMBUS COMMUNITY HOSPITAL | C89: 110 SHULT DR | D89: COLUMBUS | E89: TX | F89: 78934 | G89: COLORADO | H89: (979) 732-2371 | I89: Acute Care Hospitals | J89: Voluntary non-profit - Private | K89: Yes | L89: 2 | M89: 2
A90: 450372 | B90: BAYLOR SCOTT & WHITE MEDICAL CENTER- WAXAHACHIE | C90: 2400 N INTERSTATE HIGHWAY 35E | D90: WAXAHACHIE | E90: TX | F90: 75165 | G90: ELLIS | H90: (972) 923-7000 | I90: Acute Care Hospitals | J90: Voluntary non-profit - Private | K90: Yes | L90: 4 | M90: 4
A91: 450379 | B91: DALLAS MEDICAL CENTER | C91: 7 MEDICAL PARKWAY | D91: DALLAS | E91: TX | F91: 75234 | G91: DALLAS | H91: (972) 247-1000 | I91: Acute Care Hospitals | J91: Proprietary | K91: Yes | L91: 3 | M91: 3
A92: 450388 | B92: METHODIST HOSPITAL | C92: 7700 FLOYD CURL DR | D92: SAN ANTONIO | E92: TX | F92: 78229 | G92: BEXAR | H92: (210) 575-4000 | I92: Acute Care Hospitals | J92: Proprietary | K92: Yes | L92: 4 | M92: 4
A93: 450389 | B93: UT HEALTH EAST TEXAS ATHENS HOSPITAL | C93: 2000 SOUTH PALESTINE ST | D93: ATHENS | E93: TX | F93: 75751 | G93: HENDERSON | H93: (903) 676-1000 | I93: Acute Care Hospitals | J93: Proprietary | K93: Yes | L93: 2 | M93: 2
A94: 450395 | B94: CHI ST LUKES HEALTH MEMORIAL LIVINGSTON | C94: 1717 HWY 59 BYPASS | D94: LIVINGSTON | E94: TX | F94: 77351 | G94: POLK | H94: (936) 327-4381 | I94: Acute Care Hospitals | J94: Voluntary non-profit - Private | K94: Yes | L94: 4 | M94: 4
A95: 450399 | B95: BROWNFIELD REGIONAL MEDICAL CENTER | C95: 705 EAST FELT STREET | D95: BROWNFIELD | E95: TX | F95: 79316 | G95: TERRY | H95: (806) 637-8252 | I95: Acute Care Hospitals | J95: Government - Hospital District or Authority | K95: Yes | M95: Not Available | N95: 16
A96: 450400 | B96: PARKVIEW REGIONAL HOSPITAL | C96: 600 SOUTH BONHAM STREET | D96: MEXIA | E96: TX | F96: 76667 | G96: LIMESTONE | H96: (254) 562-5332 | I96: Acute Care Hospitals | J96: Proprietary | K96: Yes | M96: Not Available | N96: 16
A97: 450403 | B97: MEDICAL CENTER OF MCKINNEY | C97: 4500 MEDICAL CENTER DRIVE | D97: MCKINNEY | E97: TX | F97: 75069 | G97: COLLIN | H97: (972) 547-8000 | I97: Acute Care Hospitals | J97: Proprietary | K97: Yes | L97: 3 | M97: 3
A98: 450419 | B98: TEXAS HEALTH HARRIS METHODIST HOSPITAL AZLE | C98: 108 DENVER TRAIL | D98: AZLE | E98: TX | F98: 76020 | G98: TARRANT | H98: (817) 444-8700 | I98: Acute Care Hospitals | J98: Voluntary non-profit - Private | K98: Yes | L98: 4 | M98: 4
A99: 450422 | B99: BAYLOR SCOTT AND WHITE MEDICAL CENTER UPTOWN | C99: 2727 EAST LEMMON AVENUE BUILDING I | D99: DALLAS | E99: TX | F99: 75204 | G99: DALLAS | H99: (214) 443-3000 | I99: Acute Care Hospitals | J99: Proprietary | K99: Yes | M99: Not Available | N99: 16
A100: 450424 | B100: HOUSTON METHODIST BAYTOWN HOSPITAL | C100: 4401 GARTH ROAD | D100: BAYTOWN | E100: TX | F100: 77521 | G100: HARRIS | H100: (281) 420-8600 | I100: Acute Care Hospitals | J100: Voluntary non-profit - Private | K100: Yes | L100: 5 | M100: 5
A101: 450431 | B101: ST DAVID'S MEDICAL CENTER | C101: 919 E 32ND ST | D101: AUSTIN | E101: TX | F101: 78705 | G101: TRAVIS | H101: (512) 476-7111 | I101: Acute Care Hospitals | J101: Proprietary | K101: Yes | L101: 4 | M101: 4
A102: 450447 | B102: NAVARRO REGIONAL HOSPITAL | C102: 3201 WEST HIGHWAY 22 | D102: CORSICANA | E102: TX | F102: 75110 | G102: NAVARRO | H102: (903) 654-6800 | I102: Acute Care Hospitals | J102: Government - Hospital District or Authority | K102: Yes | L102: 2 | M102: 2
A103: 450451 | B103: GLEN ROSE MEDICAL CENTER | C103: 1021 HOLDEN STREET | D103: GLEN ROSE | E103: TX | F103: 76043 | G103: SOMERVELL | H103: (254) 897-2215 | I103: Acute Care Hospitals | J103: Government - Hospital District or Authority | K103: Yes | M103: Not Available | N103: 16
A104: 450460 | B104: TYLER COUNTY HOSPITAL | C104: 1100 WEST BLUFF | D104: WOODVILLE | E104: TX | F104: 75979 | G104: TYLER | H104: (409) 283-8141 | I104: Acute Care Hospitals | J104: Government - Hospital District or Authority | K104: Yes | M104: Not Available | N104: 16
A105: 450462 | B105: TEXAS HEALTH PRESBYTERIAN HOSPITAL DALLAS | C105: 8200 WALNUT HILL LANE | D105: DALLAS | E105: TX | F105: 75231 | G105: DALLAS | H105: (214) 345-6789 | I105: Acute Care Hospitals | J105: Voluntary non-profit - Private | K105: Yes | L105: 4 | M105: 4
A106: 450465 | B106: MATAGORDA REGIONAL MEDICAL CENTER | C106: 104 7TH STREET | D106: BAY CITY | E106: TX | F106: 77414 | G106: MATAGORDA | H106: (979) 245-6383 | I106: Acute Care Hospitals | J106: Government - Hospital District or Authority | K106: Yes | L106: 5 | M106: 5
A107: 450469 | B107: WILSON N JONES REGIONAL MEDICAL CENTER | C107: 500 N HIGHLAND AVENUE | D107: SHERMAN | E107: TX | F107: 75092 | G107: GRAYSON | H107: (903) 870-4611 | I107: Acute Care Hospitals | J107: Proprietary | K107: Yes | L107: 2 | M107: 2
A108: 450475 | B108: UT HEALTH EAST TEXAS HENDERSON HOSPITAL | C108: 300 WILSON STREET | D108: HENDERSON | E108: TX | F108: 75652 | G108: RUSK | H108: (903) 657-7541 | I108: Acute Care Hospitals | J108: Proprietary | K108: Yes | L108: 5 | M108: 5
A109: 450484 | B109: WOODLAND HEIGHTS MEDICAL CENTER | C109: 505 SOUTH JOHN REDDITT DRIVE | D109: LUFKIN | E109: TX | F109: 75904 | G109: ANGELINA | H109: (936) 634-8311 | I109: Acute Care Hospitals | J109: Proprietary | K109: Yes | L109: 3 | M109: 3
...

Sheet hcahps-cleaned
A1: Facility_ID | B1: Nurse_Communication_Pct | C1: Doctor_Communication_Pct | D1: Medicine_Communication_Pct | E1: Discharge_Info_Pct | F1: Hospital_Rating_9_10_Pct | G1: Definitely_Recommend_Pct | H1: Completed_Surveys_Raw | I1: Survey_Response_Rate_Pct | J1: HCAHPS_Start_Date | K1: HCAHPS_End_Date
A2: 450002 | B2: 64 | C2: 68 | D2: 54 | E2: 82 | F2: 52 | G2: 54 | H2: 529 | I2: 10 | J2: 45474 | K2: 45838
A3: 450007 | B3: 81 | C3: 78 | D3: 64 | E3: 91 | F3: 81 | G3: 80 | H3: 750 | I3: 22 | J3: 45474 | K3: 45838
A4: 450010 | B4: 79 | C4: 75 | D4: 58 | E4: 87 | F4: 71 | G4: 71 | H4: 505 | I4: 20 | J4: 45474 | K4: 45838
A5: 450011 | B5: 77 | C5: 77 | D5: 61 | E5: 83 | F5: 66 | G5: 66 | H5: 1177 | I5: 13 | J5: 45474 | K5: 45838
A6: 450015 | B6: 73 | C6: 76 | D6: 56 | E6: 85 | F6: 70 | G6: 70 | H6: 1727 | I6: 6 | J6: 45474 | K6: 45838
A7: 450018 | B7: 77 | C7: 76 | D7: 61 | E7: 85 | F7: 74 | G7: 72 | H7: 1342 | I7: 11 | J7: 45474 | K7: 45838
A8: 450021 | B8: 78 | C8: 80 | D8: 60 | E8: 87 | F8: 71 | G8: 74 | H8: 2284 | I8: 12 | J8: 45474 | K8: 45838
A9: 450023 | B9: 80 | C9: 79 | D9: 61 | E9: 83 | F9: 73 | G9: 73 | H9: 882 | I9: 19 | J9: 45474 | K9: 45838
A10: 450024 | B10: 73 | C10: 75 | D10: 56 | E10: 84 | F10: 68 | G10: 70 | H10: 2423 | I10: 24 | J10: 45474 | K10: 45838
A11: 450028 | B11: 66 | C11: 69 | D11: 51 | E11: 81 | F11: 58 | G11: 58 | H11: 410 | I11: 8 | J11: 45474 | K11: 45838
A12: 450029 | B12: 74 | C12: 75 | D12: 56 | E12: 80 | F12: 59 | G12: 59 | H12: 387 | I12: 7 | J12: 45474 | K12: 45838
A13: 450032 | B13: 81 | C13: 78 | D13: 67 | E13: 85 | F13: 72 | G13: 71 | H13: 486 | I13: 15 | J13: 45474 | K13: 45838
... A63: 450196 | B63: 75 | C63: 74 | D63: 58 | E63: 82 | F63: 58 | G63: 55 | H63: 1125 | I63: 17 | J63: 45474 | K63: 45838
A64: 450200 | H64: Not Available | J64: 45474 | K64: 45838
A65: 450203 | B65: 77 | C65: 77 | D65: 58 | E65: 83 | F65: 68 | G65: 64 | H65: 618 | I65: 19 | J65: 45474 | K65: 45838
A66: 450209 | B66: 77 | C66: 72 | D66: 57 | E66: 82 | F66: 65 | G66: 66 | H66: 649 | I66: 12 | J66: 45474 | K66: 45838
A67: 450210 | B67: 94 | C67: 89 | D67: 80 | E67: 95 | F67: 85 | G67: 74 | H67: 70 | I67: 22 | J67: 45474 | K67: 45838
A68: 450211 | B68: 77 | C68: 79 | D68: 62 | E68: 85 | F68: 71 | G68: 72 | H68: 509 | I68: 16 | J68: 45474 | K68: 45838
A69: 450213 | B69: 76 | C69: 78 | D69: 59 | E69: 85 | F69: 75 | G69: 76 | H69: 2306 | I69: 22 | J69: 45474 | K69: 45838
A70: 450222 | B70: 72 | C70: 67 | D70: 54 | E70: 77 | F70: 61 | G70: 57 | H70: 554 | I70: 13 | J70: 45474 | K70: 45838
A71: 450229 | B71: 74 | C71: 77 | D71: 58 | E71: 89 | F71: 64 | G71: 65 | H71: 361 | I71: 17 | J71: 45474 | K71: 45838
A72: 450231 | B72: 77 | C72: 76 | D72: 56 | E72: 84 | F72: 73 | G72: 76 | H72: 1324 | I72: 21 | J72: 45474 | K72: 45838
A73: 450235 | B73: 84 | C73: 83 | D73: 71 | E73: 92 | F73: 81 | G73: 72 | H73: 52 | I73: 14 | J73: 45474 | K73: 45838
A74: 450236 | B74: 86 | C74: 80 | D74: 64 | E74: 88 | F74: 80 | G74: 76 | H74: 357 | I74: 18 | J74: 45474 | K74: 45838
A75: 450237 | B75: 75 | C75: 78 | D75: 59 | E75: 86 | F75: 70 | G75: 70 | H75: 470 | I75: 15 | J75: 45474 | K75: 45838
A76: 450241 | B76: 88 | C76: 79 | D76: 74 | E76: 90 | F76: 73 | G76: 69 | H76: 34 | I76: 13 | J76: 45474 | K76: 45838
A77: 450253 | H77: Not Available | J77: 45474 | K77: 45838
A78: 450272 | B78: 77 | C78: 83 | D78: 60 | E78: 85 | F78: 70 | G78: 69 | H78: 569 | I78: 16 | J78: 45474 | K78: 45838
A79: 450289 | B79: 77 | C79: 80 | D79: 57 | E79: 84 | F79: 72 | G79: 71 | H79: 524 | I79: 5 | J79: 45474 | K79: 45838
A80: 450292 | B80: 86 | C80: 81 | D80: 68 | E80: 89 | F80: 73 | G80: 71 | H80: 126 | I80: 17 | J80: 45474 | K80: 45838
A81: 450324 | B81: 79 | C81: 75 | D81: 61 | E81: 85 | F81: 65 | G81: 67 | H81: 597 | I81: 17 | J81: 45474 | K81: 45838
A82: 450330 | B82: 75 | C82: 75 | D82: 55 | E82: 82 | F82: 62 | G82: 59 | H82: 246 | I82: 15 | J82: 45474 | K82: 45838
A83: 450346 | B83: 77 | C83: 74 | D83: 59 | E83: 85 | F83: 70 | G83: 69 | H83: 1399 | I83: 12 | J83: 45474 | K83: 45838
A84: 450347 | B84: 75 | C84: 77 | D84: 58 | E84: 86 | F84: 66 | G84: 63 | H84: 318 | I84: 18 | J84: 45474 | K84: 45838
A85: 450351 | B85: 86 | C85: 83 | D85: 67 | E85: 90 | F85: 75 | G85: 74 | H85: 182 | I85: 18 | J85: 45474 | K85: 45838
A86: 450352 | B86: 73 | C86: 73 | D86: 53 | E86: 84 | F86: 63 | G86: 63 | H86: 774 | I86: 15 | J86: 45474 | K86: 45838
A87: 450358 | B87: 78 | C87: 81 | D87: 60 | E87: 88 | F87: 79 | G87: 82 | H87: 6495 | I87: 20 | J87: 45474 | K87: 45838
A88: 450369 | B88: 96 | C88: 98 | D88: 91 | E88: 90 | F88: 92 | G88: 92 | H88: 92 | I88: 23 | J88: 45474 | K88: 45838
A89: 450370 | B89: 79 | C89: 77 | D89: 62 | E89: 83 | F89: 73 | G89: 73 | H89: 124 | I89: 22 | J89: 45474 | K89: 45838
... A109: 450484 | B109: 74 | C109: 72 | D109: 60 | E109: 82 | F109: 65 | G109: 68 | H109: 447 | I109: 13 | J109: 45474 | K109: 45838
A110: 450489 | H110: Not Available | J110: 45474 | K110: 45838
A111: 450508 | B111: 75 | C111: 72 | D111: 57 | E111: 81 | F111: 69 | G111: 74 | H111: 141 | I111: 11 | J111: 45474 | K111: 45838
A112: 450518 | B112: 80 | C112: 77 | D112: 64 | E112: 82 | F112: 64 | G112: 55 | H112: 308 | I112: 11 | J112: 45474 | K112: 45838
A113: 450537 | B113: 78 | C113: 79 | D113: 60 | E113: 87 | F113: 80 | G113: 79 | H113: 1307 | I113: 19 | J113: 45474 | K113: 45838
A114: 450539 | B114: 78 | C114: 82 | D114: 63 | E114: 83 | F114: 72 | G114: 71 | H114: 131 | I114: 15 | J114: 45474 | K114: 45838
A115: 450563 | B115: 80 | C115: 78 | D115: 61 | E115: 87 | F115: 79 | G115: 79 | H115: 1329 | I115: 16 | J115: 45474 | K115: 45838
A116: 450565 | B116: 80 | C116: 75 | D116: 61 | E116: 89 | F116: 69 | G116: 64 | H116: 123 | I116: 12 | J116: 45474 | K116: 45838
A117: 450571 | B117: 75 | C117: 78 | D117: 55 | E117: 84 | F117: 65 | G117: 65 | H117: 425 | I117: 18 | J117: 45474 | K117: 45838
A118: 450573 | B118: 87 | C118: 82 | D118: 64 | E118: 86 | F118: 76 | G118: 77 | H118: 69 | I118: 20 | J118: 45474 | K118: 45838
A119: 450584 | B119: 82 | C119: 88 | D119: 64 | E119: 97 | F119: 70 | G119: 67 | H119: 94 | I119: 24 | J119: 45474 | K119: 45838
A120: 450587 | B120: 75 | C120: 73 | D120: 48 | E120: 87 | F120: 60 | G120: 55 | H120: 405 | I120: 17 | J120: 45474 | K120: 45838
A121: 450596 | B121: 73 | C121: 72 | D121: 58 | E121: 81 | F121: 55 | G121: 51 | H121: 423 | I121: 18 | J121: 45474 | K121: 45838
A122: 450597 | B122: 83 | C122: 84 | D122: 68 | E122: 90 | F122: 80 | G122: 68 | H122: 29 | I122: 8 | J122: 45474 | K122: 45838
... A136: 450656 | B136: 84 | C136: 82 | D136: 62 | E136: 86 | F136: 73 | G136: 71 | H136: 605 | I136: 13 | J136: 45474 | K136: 45838
A137: 450658 | H137: Not Available | J137: 45474 | K137: 45838
A138: 450659 | B138: 74 | C138: 75 | D138: 55 | E138: 79 | F138: 68 | G138: 62 | H138: 736 | I138: 15 | J138: 45474 | K138: 45838
A139: 450661 | B139: 72 | C139: 77 | D139: 59 | E139: 80 | F139: 61 | G139: 61 | H139: 308 | I139: 8 | J139: 45474 | K139: 45838
A140: 450662 | B140: 74 | C140: 72 | D140: 59 | E140: 80 | F140: 63 | G140: 66 | H140: 697 | I140: 10 | J140: 45474 | K140: 45838
A141: 450668 | B141: 74 | C141: 77 | D141: 59 | E141: 81 | F141: 64 | G141: 64 | H141: 1254 | I141: 19 | J141: 45474 | K141: 45838
A142: 450669 | B142: 78 | C142: 76 | D142: 60 | E142: 85 | F142: 69 | G142: 70 | H142: 525 | I142: 13 | J142: 45474 | K142: 45838
A143: 450670 | B143: 76 | C143: 72 | D143: 54 | E143: 82 | F143: 66 | G143: 61 | H143: 588 | I143: 15 | J143: 45474 | K143: 45838
A144: 450672 | B144: 73 | C144: 75 | D144: 53 | E144: 83 | F144: 67 | G144: 66 | H144: 679 | I144: 18 | J144: 45474 | K144: 45838
A145: 450674 | B145: 72 | C145: 76 | D145: 54 | E145: 80 | F145: 67 | G145: 68 | H145: 731 | I145: 10 | J145: 45474 | K145: 45838
A146: 450675 | B146: 71 | C146: 71 | D146: 51 | E146: 80 | F146: 60 | G146: 58 | H146: 732 | I146: 10 | J146: 45474 | K146: 45838
A147: 450677 | B147: 77 | C147: 75 | D147: 58 | E147: 87 | F147: 73 | G147: 71 | H147: 1409 | I147: 13 | J147: 45474 | K147: 45838
A148: 450678 | H148: Not Available | J148: 45474 | K148: 45838
A149: 450684 | B149: 76 | C149: 77 | D149: 60 | E149: 83 | F149: 71 | G149: 70 | H149: 533 | I149: 11 | J149: 45474 | K149: 45838
A150: 450686 | B150: 79 | C150: 78 | D150: 64 | E150: 86 | F150: 76 | G150: 79 | H150: 885 | I150: 13 | J150: 45474 | K150: 45838
A151: 450688 | B151: 70 | C151: 75 | D151: 57 | E151: 77 | F151: 62 | G151: 59 | H151: 440 | I151: 21 | J151: 45474 | K151: 45838
A152: 450690 | B152: 84 | C152: 88 | D152: 68 | E152: 96 | F152: 81 | G152: 82 | H152: 122 | I152: 15 | J152: 45474 | K152: 45838
A153: 450694 | B153: 73 | C153: 80 | D153: 58 | E153: 84 | F153: 54 | G153: 56 | H153: 109 | I153: 24 | J153: 45474 | K153: 45838
A154: 450698 | B154: 81 | C154: 91 | D154: 71 | E154: 80 | F154: 72 | G154: 68 | H154: 47 | I154: 16 | J154: 45474 | K154: 45838
A155: 450702 | B155: 76 | C155: 76 | D155: 58 | E155: 85 | F155: 71 | G155: 73 | H155: 719 | I155: 16 | J155: 45474 | K155: 45838
A156: 450709 | B156: 84 | C156: 79 | D156: 65 | E156: 91 | F156: 82 | G156: 85 | H156: 1165 | I156: 22 | J156: 45474 | K156: 45838
A157: 450711 | B157: 75 | C157: 74 | D157: 56 | E157: 83 | F157: 67 | G157: 66 | H157: 517 | I157: 10 | J157: 45474 | K157: 45838
A158: 450713 | B158: 75 | C158: 76 | D158: 56 | E158: 84 | F158: 65 | G158: 68 | H158: 539 | I158: 15 | J158: 45474 | K158: 45838
A159: 450718 | B159: 75 | C159: 72 | D159: 53 | E159: 85 | F159: 70 | G159: 70 | H159: 830 | I159: 18 | J159: 45474 | K159: 45838
A160: 450723 | B160: 80 | C160: 80 | D160: 62 | E160: 88 | F160: 72 | G160: 67 | H160: 813 | I160: 12 | J160: 45474 | K160: 45838
... A179: 450828 | B179: 85 | C179: 84 | D179: 67 | E179: 84 | F179: 75 | G179: 64 | H179: 169 | I179: 11 | J179: 45474 | K179: 45838
A180: 450831 | H180: Not Available | J180: 45474 | K180: 45838
A181: 450833 | B181: 86 | C181: 80 | D181: 70 | E181: 83 | F181: 79 | G181: 81 | H181: 35 | I181: 15 | J181: 45474 | K181: 45838
A182: 450834 | B182: 87 | C182: 84 | D182: 74 | E182: 91 | F182: 84 | G182: 86 | H182: 193 | I182: 44 | J182: 45474 | K182: 45838
A183: 450840 | B183: 81 | C183: 80 | D183: 61 | E183: 88 | F183: 76 | G183: 77 | H183: 527 | I183: 19 | J183: 45474 | K183: 45838
A184: 450844 | B184: 81 | C184: 78 | D184: 64 | E184: 90 | F184: 78 | G184: 78 | H184: 2590 | I184: 15 | J184: 45474 | K184: 45838
A185: 450847 | B185: 76 | C185: 75 | D185: 54 | E185: 86 | F185: 69 | G185: 70 | H185: 654 | I185: 13 | J185: 45474 | K185: 45838
A186: 450848 | B186: 73 | C186: 77 | D186: 56 | E186: 86 | F186: 71 | G186: 69 | H186: 721 | I186: 13 | J186: 45474 | K186: 45838
A187: 450851 | B187: 88 | C187: 86 | D187: 73 | E187: 90 | F187: 87 | G187: 88 | H187: 602 | I187: 24 | J187: 45474 | K187: 45838
A188: 450853 | B188: 81 | C188: 84 | D188: 62 | E188: 87 | F188: 82 | G188: 79 | H188: 272 | I188: 11 | J188: 45474 | K188: 45838
A189: 450855 | B189: 78 | C189: 71 | D189: 57 | E189: 79 | F189: 72 | G189: 76 | H189: 416 | I189: 41 | J189: 45474 | K189: 45838
A190: 450856 | B190: 88 | C190: 86 | D190: 71 | E190: 89 | F190: 85 | G190: 85 | H190: 351 | I190: 42 | J190: 45474 | K190: 45838
A191: 450860 | B191: 88 | C191: 90 | D191: 71 | E191: 89 | F191: 88 | G191: 88 | H191: 39 | I191: 23 | J191: 45474 | K191: 45838
A192: 450862 | B192: 83 | C192: 79 | D192: 62 | E192: 86 | F192: 78 | G192: 78 | H192: 510 | I192: 13 | J192: 45474 | K192: 45838
... A208: 450893 | B208: 86 | C208: 84 | D208: 66 | E208: 92 | F208: 88 | G208: 86 | H208: 318 | I208: 35 | J208: 45474 | K208: 45838
A209: 450895 | H209: Not Available | J209: 45474 | K209: 45838
A210: 670005 | B210: 84 | C210: 85 | D210: 48 | E210: 88 | F210: 76 | G210: 79 | H210: 37 | I210: 23 | J210: 45474 | K210: 45838
A211: 670006 | B211: 76 | C211: 78 | D211: 66 | E211: 83 | F211: 64 | G211: 68 | H211: 124 | I211: 32 | J211: 45474 | K211: 45838
A212: 670008 | B212: 88 | C212: 84 | D212: 76 | E212: 87 | F212: 86 | G212: 88 | H212: 193 | I212: 36 | J212: 45474 | K212: 45838
A213: 670010 | H213: Not Available | J213: 45474 | K213: 45838
A214: 670023 | B214: 82 | C214: 80 | D214: 63 | E214: 89 | F214: 81 | G214: 83 | H214: 1482 | I214: 18 | J214: 45474 | K214: 45838
...

Sheet readmission-cleaned
A1: Facility_ID | B1: Readmission_Rate_Pct | C1: Readmission_Comparison | D1: Readmission_Denominator | E1: Readmission_Lower_Estimate | F1: Readmission_Higher_Estimate | G1: Readmission_Footnote | H1: Readmission_Start_Date | I1: Readmission_End_Date
A2: 450002 | B2: 15.3 | C2: No Different | D2: 628 | E2: 13.9 | F2: 17 | H2: 45108 | I2: 45473
A3: 450007 | B3: 15 | C3: No Different | D3: 1340 | E3: 13.7 | F3: 16.4 | H3: 45108 | I3: 45473
A4: 450010 | B4: 15.6 | C4: No Different | D4: 3943 | E4: 14.7 | F4: 16.4 | H4: 45108 | I4: 45473
A5: 450011 | B5: 14.9 | C5: No Different | D5: 2792 | E5: 13.9 | F5: 15.9 | H5: 45108 | I5: 45473
A6: 450015 | B6: 14.7 | C6: No Different | D6: 893 | E6: 13.5 | F6: 16.1 | H6: 45108 | I6: 45473
A7: 450018 | B7: 16 | C7: No Different | D7: 3474 | E7: 15 | F7: 16.9 | H7: 45108 | I7: 45473
A8: 450021 | B8: 13.9 | C8: Better | D8: 4591 | E8: 13.1 | F8: 14.7 | H8: 45108 | I8: 45473
A9: 450023 | B9: 14.7 | C9: No Different | D9: 1380 | E9: 13.5 | F9: 16.1 | H9: 45108 | I9: 45473
A10: 450024 | B10: 15.4 | C10: No Different | D10: 906 | E10: 14.1 | F10: 16.8 | H10: 45108 | I10: 45473
A11: 450028 | B11: 15.4 | C11: No Different | D11: 710 | E11: 14 | F11: 16.9 | H11: 45108 | I11: 45473
A12: 450029 | B12: 15.1 | C12: No Different | D12: 1371 | E12: 13.9 | F12: 16.2 | H12: 45108 | I12: 45473
A13: 450032 | B13: 16.4 | C13: Worse | D13: 2659 | E13: 15.4 | F13: 17.4 | H13: 45108 | I13: 45473
... A18: 450040 | B18: 13.5 | C18: Better | D18: 3522 | E18: 12.7 | F18: 14.5 | H18: 45108 | I18: 45473
A19: 450042 | B19: 14.2 | C19: No Different | D19: 1091 | E19: 13 | F19: 15.1 | G19: 29 | H19: 45108 | I19: 45473
A20: 450044 | B20: 15.9 | C20: Worse | D20: 5428 | E20: 15.1 | F20: 16.7 | H20: 45108 | I20: 45473
A21: 450046 | B21: 14.4 | C21: No Different | D21: 2388 | E21: 13.5 | F21: 15.5 | H21: 45108 | I21: 45473
A22: 450051 | B22: 14.1 | C22: No Different | D22: 1227 | E22: 13 | F22: 15.3 | H22: 45108 | I22: 45473
A23: 450054 | B23: 14.9 | C23: No Different | D23: 4120 | E23: 14.2 | F23: 15.9 | H23: 45108 | I23: 45473
A24: 450055 | B24: 15.2 | C24: No Different | D24: 132 | E24: 13.5 | F24: 17 | H24: 45108 | I24: 45473
A25: 450056 | B25: 14.3 | C25: No Different | D25: 1134 | E25: 13 | F25: 15.1 | G25: 29 | H25: 45108 | I25: 45473
A26: 450058 | B26: 14.3 | C26: No Different | D26: 5603 | E26: 13.5 | F26: 15.1 | H26: 45108 | I26: 45473
A27: 450064 | B27: 15.3 | C27: No Different | D27: 1431 | E27: 14.1 | F27: 16.6 | H27: 45108 | I27: 45473
A28: 450068 | B28: 14.6 | C28: No Different | D28: 3979 | E28: 13.7 | F28: 15.5 | H28: 45108 | I28: 45473
A29: 450072 | B29: 15.1 | C29: No Different | D29: 532 | E29: 13.5 | F29: 16.8 | H29: 45108 | I29: 45473
A30: 450079 | B30: 14.8 | C30: No Different | D30: 1424 | E30: 13.6 | F30: 16 | H30: 45108 | I30: 45473
A31: 450080 | B31: 15.2 | C31: No Different | D31: 515 | E31: 13.9 | F31: 16.7 | H31: 45108 | I31: 45473
A32: 450082 | B32: 15.4 | C32: No Different | D32: 152 | E32: 13.7 | F32: 17.3 | H32: 45108 | I32: 45473
A33: 450083 | B33: 15.4 | C33: No Different | D33: 4047 | E33: 14.5 | F33: 16.3 | H33: 45108 | I33: 45473
A34: 450087 | B34: 15.3 | C34: No Different | D34: 1041 | E34: 14.1 | F34: 16.8 | H34: 45108 | I34: 45473
A35: 450090 | B35: 14.9 | C35: No Different | D35: 412 | E35: 13.3 | F35: 16.5 | H35: 45108 | I35: 45473
A36: 450092 | B36: 15 | C36: No Different | D36: 229 | E36: 13.4 | F36: 17 | H36: 45108 | I36: 45473
A37: 450097 | B37: 15.6 | C37: No Different | D37: 775 | E37: 14.3 | F37: 17.1 | H37: 45108 | I37: 45473
... A43: 450119 | B43: 15.9 | C43: No Different | D43: 1524 | E43: 14.8 | F43: 17.2 | H43: 45108 | I43: 45473
A44: 450124 | B44: 14.9 | C44: No Different | D44: 464 | E44: 13.5 | F44: 16.3 | G44: 29 | H44: 45108 | I44: 45473
A45: 450128 | B45: 14.4 | C45: No Different | D45: 468 | E45: 12.9 | F45: 15.9 | H45: 45108 | I45: 45473
A46: 450132 | B46: 15 | C46: No Different | D46: 1808 | E46: 13.9 | F46: 16.1 | H46: 45108 | I46: 45473
A47: 450133 | B47: 14.9 | C47: No Different | D47: 1564 | E47: 13.7 | F47: 16 | H47: 45108 | I47: 45473
A48: 450135 | B48: 14.4 | C48: No Different | D48: 5590 | E48: 13.7 | F48: 15.2 | H48: 45108 | I48: 45473
A49: 450137 | B49: 15.8 | C49: No Different | D49: 2563 | E49: 14.9 | F49: 16.8 | H49: 45108 | I49: 45473
A50: 450144 | B50: 15 | C50: No Different | D50: 32 | E50: 13.2 | F50: 17.1 | H50: 45108 | I50: 45473
A51: 450147 | B51: 14.5 | C51: No Different | D51: 1178 | E51: 13.3 | F51: 15.8 | H51: 45108 | I51: 45473
A52: 450148 | B52: 14.5 | C52: No Different | D52: 361 | E52: 12.9 | F52: 16.2 | H52: 45108 | I52: 45473
A53: 450152 | B53: 15.9 | C53: No Different | D53: 970 | E53: 14.7 | F53: 17.4 | H53: 45108 | I53: 45473
A54: 450154 | B54: 14.7 | C54: No Different | D54: 239 | E54: 13 | F54: 16.6 | H54: 45108 | I54: 45473
A55: 450155 | B55: 14.5 | C55: No Different | D55: 58 | E55: 12.7 | F55: 16.7 | H55: 45108 | I55: 45473
A56: 450162 | B56: 14.2 | C56: No Different | D56: 53 | E56: 11.2 | F56: 17.8 | H56: 45108 | I56: 45473
... A63: 450196 | B63: 15.4 | C63: No Different | D63: 1965 | E63: 14.3 | F63: 16.6 | H63: 45108 | I63: 45473
A64: 450200 | G64: 5 | H64: 45108 | I64: 45473
A65: 450203 | B65: 15 | C65: No Different | D65: 1477 | E65: 13.8 | F65: 16.2 | H65: 45108 | I65: 45473
A66: 450209 | B66: 14.2 | C66: No Different | D66: 1575 | E66: 13.1 | F66: 15.4 | H66: 45108 | I66: 45473
A67: 450210 | B67: 14.4 | C67: No Different | D67: 74 | E67: 12.4 | F67: 16.8 | H67: 45108 | I67: 45473
A68: 450211 | B68: 16 | C68: No Different | D68: 1341 | E68: 14.7 | F68: 17.3 | H68: 45108 | I68: 45473
A69: 450213 | B69: 15.1 | C69: No Different | D69: 2215 | E69: 14.1 | F69: 16.2 | H69: 45108 | I69: 45473
A70: 450222 | B70: 16.9 | C70: Worse | D70: 1564 | E70: 15.6 | F70: 18.2 | H70: 45108 | I70: 45473
A71: 450229 | B71: 15.1 | C71: No Different | D71: 5402 | E71: 14.3 | F71: 15.9 | H71: 45108 | I71: 45473
A72: 450231 | B72: 14.8 | C72: No Different | D72: 4914 | E72: 14 | F72: 15.7 | H72: 45108 | I72: 45473
A73: 450235 | B73: 15.3 | C73: No Different | D73: 96 | E73: 13.4 | F73: 17.4 | H73: 45108 | I73: 45473
A74: 450236 | B74: 13.7 | C74: No Different | D74: 715 | E74: 12.4 | F74: 15.1 | H74: 45108 | I74: 45473
A75: 450237 | B75: 14.4 | C75: No Different | D75: 3869 | E75: 13.6 | F75: 15.4 | H75: 45108 | I75: 45473
A76: 450241 | B76: 14.8 | C76: No Different | D76: 82 | E76: 13 | F76: 16.9 | H76: 45108 | I76: 45473
... A153: 450694 | B153: 14.7 | C153: No Different | D153: 198 | E153: 12.9 | F153: 16.6 | H153: 45108 | I153: 45473
A154: 450698 | G154: 1 | H154: 45108 | I154: 45473
A155: 450702 | B155: 15.9 | C155: No Different | D155: 2117 | E155: 14.7 | F155: 17 | H155: 45108 | I155: 45473
A156: 450709 | B156: 15.2 | C156: No Different | D156: 1494 | E156: 14 | F156: 16.5 | H156: 45108 | I156: 45473
A157: 450711 | B157: 14.2 | C157: No Different | D157: 736 | E157: 12.9 | F157: 15.6 | H157: 45108 | I157: 45473
A158: 450713 | B158: 15.2 | C158: No Different | D158: 3491 | E158: 14.5 | F158: 16.5 | H158: 45108 | I158: 45473
A159: 450718 | B159: 15 | C159: No Different | D159: 2565 | E159: 14.2 | F159: 16.2 | H159: 45108 | I159: 45473
A160: 450723 | B160: 15.5 | C160: No Different | D160: 1249 | E160: 14.4 | F160: 16.8 | H160: 45108 | I160: 45473
A161: 450730 | B161: 16.5 | C161: No Different | D161: 477 | E161: 14.9 | F161: 18.3 | H161: 45108 | I161: 45473
A162: 450742 | B162: 15.6 | C162: No Different | D162: 1650 | E162: 14.4 | F162: 16.8 | H162: 45108 | I162: 45473
A163: 450743 | B163: 14.5 | C163: No Different | D163: 2022 | E163: 13.5 | F163: 15.6 | H163: 45108 | I163: 45473
A164: 450747 | B164: 15.5 | C164: No Different | D164: 405 | E164: 13.8 | F164: 17.2 | H164: 45108 | I164: 45473
A165: 450755 | B165: 14.6 | C165: No Different | D165: 34 | E165: 12.6 | F165: 17.1 | H165: 45108 | I165: 45473
A166: 450771 | B166: 14.9 | C166: No Different | D166: 3084 | E166: 13.9 | F166: 15.8 | H166: 45108 | I166: 45473
... A176: 450822 | B176: 14.7 | C176: No Different | D176: 357 | E176: 13.1 | F176: 16.5 | H176: 45108 | I176: 45473
A177: 450825 | G177: 1 | H177: 45108 | I177: 45473
A178: 450827 | B178: 14.4 | C178: No Different | D178: 225 | E178: 12.4 | F178: 16.7 | H178: 45108 | I178: 45473
A179: 450828 | B179: 14.4 | C179: No Different | D179: 268 | E179: 13 | F179: 16.1 | H179: 45108 | I179: 45473
A180: 450831 | G180: 1 | H180: 45108 | I180: 45473
A181: 450833 | B181: 14.8 | C181: No Different | D181: 59 | E181: 12.7 | F181: 17.2 | H181: 45108 | I181: 45473
A182: 450834 | B182: 15.1 | C182: No Different | D182: 189 | E182: 12.3 | F182: 19 | H182: 45108 | I182: 45473
A183: 450840 | B183: 14.6 | C183: No Different | D183: 719 | E183: 13.2 | F183: 16.1 | H183: 45108 | I183: 45473
A184: 450844 | B184: 14.8 | C184: No Different | D184: 3510 | E184: 14 | F184: 15.7 | H184: 45108 | I184: 45473
A185: 450847 | B185: 15.2 | C185: No Different | D185: 1942 | E185: 14.1 | F185: 16.3 | H185: 45108 | I185: 45473
A186: 450848 | B186: 16.1 | C186: No Different | D186: 1261 | E186: 15 | F186: 17.3 | H186: 45108 | I186: 45473
A187: 450851 | B187: 15.2 | C187: No Different | D187: 763 | E187: 13.6 | F187: 16.8 | H187: 45108 | I187: 45473
A188: 450853 | B188: 15.1 | C188: No Different | D188: 174 | E188: 12.7 | F188: 18 | H188: 45108 | I188: 45473
A189: 450855 | B189: 14.6 | C189: No Different | D189: 699 | E189: 13.2 | F189: 16 | H189: 45108 | I189: 45473
A190: 450856 | B190: 14.4 | C190: No Different | D190: 414 | E190: 11.8 | F190: 17.6 | H190: 45108 | I190: 45473
A191: 450860 | G191: 1 | H191: 45108 | I191: 45473
A192: 450862 | B192: 14.6 | C192: No Different | D192: 1581 | E192: 13.5 | F192: 15.7 | H192: 45108 | I192: 45473
A193: 450864 | B193: 13.4 | C193: No Different | D193: 571 | E193: 11 | F193: 16.1 | H193: 45108 | I193: 45473
A194: 450865 | B194: 14.8 | C194: No Different | D194: 33 | E194: 13.2 | F194: 17.6 | G194: 29 | H194: 45108 | I194: 45473
A195: 450867 | B195: 14.4 | C195: No Different | D195: 268 | E195: 13 | F195: 16.3 | G195: 29 | H195: 45108 | I195: 45473
A196: 450869 | B196: 15.6 | C196: No Different | D196: 1153 | E196: 14.5 | F196: 17 | H196: 45108 | I196: 45473
A197: 450872 | B197: 14.8 | C197: No Different | D197: 83 | E197: 12.4 | F197: 17.6 | H197: 45108 | I197: 45473
A198: 450874 | B198: 14.9 | C198: No Different | D198: 105 | E198: 11.9 | F198: 18.7 | H198: 45108 | I198: 45473
A199: 450875 | B199: 14.3 | C199: No Different | D199: 181 | E199: 11.7 | F199: 17.8 | H199: 45108 | I199: 45473
A200: 450876 | B200: 15.4 | C200: No Different | D200: 512 | E200: 13.8 | F200: 17.2 | H200: 45108 | I200: 45473
...

Sheet merged-cleaned
A1: Facility_ID | B1: Facility_Name | C1: Address | D1: City | E1: State | F1: ZIP_Code | G1: County | H1: Telephone_Number | I1: Hospital_Type | J1: Hospital_Ownership | K1: Emergency_Services | L1: Overall_Rating | M1: Overall_Rating_Raw | N1: Overall_Rating_Footnote | O1: Nurse_Communication_Pct | P1: Doctor_Communication_Pct | Q1: Medicine_Communication_Pct | R1: Discharge_Info_Pct | S1: Hospital_Rating_9_10_Pct | T1: Definitely_Recommend_Pct | U1: Completed_Surveys_Raw | V1: Survey_Response_Rate_Pct | W1: HCAHPS_Start_Date | X1: HCAHPS_End_Date | Y1: Readmission_Rate_Pct | Z1: Readmission_Comparison | AA1: Readmission_Denominator | AB1: Readmission_Lower_Estimate | AC1: Readmission_Higher_Estimate | AD1: Readmission_Footnote | AE1: Readmission_Start_Date | AF1: Readmission_End_Date | AG1: Overall_Rating_Available | AH1: HCAHPS_Available | AI1: Readmission_Available | AJ1: Rating_Group | AK1: Low_Rating_Flag | AL1: Below_TX_Median_Recommend_Flag | AM1: Worse_Readmission_Flag | AN1: Signals_Available_Count | AO1: Screening_Signal_Count | AP1: Priority_Tier | AQ1: Recommendation_Quartile | AR1: Recommend_vs_TX_Median | AS1: Readmission_vs_TX_Median
A2: 450002 | B2: THE HOSPITALS OF PROVIDENCE - MEMORIAL CAMPUS | C2: 2001 N OREGON ST | D2: EL PASO | E2: TX | F2: 79902 | G2: EL PASO | H2: (915) 577-6011 | I2: Acute Care Hospitals | J2: Proprietary | K2: Yes | L2: 2 | M2: 2 | O2: 64 | P2: 68 | Q2: 54 | R2: 82 | S2: 52 | T2: 54 | U2: 529 | V2: 10 | W2: 45474 | X2: 45838 | Y2: 15.3 | Z2: No Different | AA2: 628 | AB2: 13.9 | AC2: 17 | AE2: 45108 | AF2: 45473 | AG2: TRUE | AH2: TRUE | AI2: TRUE | AJ2: =IF(tblMergedCleaned[[#This Row],[Overall_Rating]]= "", "Unavailable", IF(tblMergedCleaned[[#This Row],[Overall_Rating]]<= 2, "Low (1-2)", IF(tblMergedCleaned[[#This Row],[Overall_Rating]]= 3, "Middle (3)", "High (4-5)" ) ) ) -> Low (1-2) | AK2: {=IF( tblMergedCleaned[[#This Row],[Overall_Rating]]="", "", --(tblMergedCleaned[[#This Row],[Overall_Rating]]<=2) )} -> 1 | AL2: =IF( tblMergedCleaned[[#This Row],[Definitely_Recommend_Pct]]="", "", --(tblMergedCleaned[[#This Row],[Definitely_Recommend_Pct]]<TX_Median_Recommend) ) -> 1 | AM2: =IF( tblMergedCleaned[[#This Row],[Readmission_Comparison]]="", "", --(tblMergedCleaned[[#This Row],[Readmission_Comparison]]="Worse") ) -> 0 | AN2: =COUNT( tblMergedCleaned[[#This Row],[Low_Rating_Flag]:[Worse_Readmission_Flag]] ) -> 3 | AO2: =SUM( tblMergedCleaned[[#This Row],[Low_Rating_Flag]:[Worse_Readmission_Flag]] ) -> 2 | AP2: =IF( tblMergedCleaned[[#This Row],[Signals_Available_Count]]<3, "Limited data", IF( tblMergedCleaned[[#This Row],[Screening_Signal_Count]]=3, "Priority 1", IF( tblMergedCleaned[[#This Row],[Screening_Signal_Count]]=2, "Priority 2", IF( tblMergedCleaned[[#This Row],[Screening_Signal_Count]]=1, "Monitor", "No flagged signals" ) ) ) ) -> Priority 2 | AQ2: =IF( tblMergedCleaned[[#This Row],[Definitely_Recommend_Pct]]="", "Unavailable", IF( tblMergedCleaned[[#This Row],[Definitely_Recommend_Pct]]<=TX_Recommend_Q1, "Q1 - Lowest", IF( tblMergedCleaned[[#This Row],[Definitely_Recommend_Pct]]<=TX_Median_Recommend, "Q2", IF( tblMergedCleaned[[#This Row],[Definitely_Recommend_Pct]]<=TX_Recommend_Q3, "Q3", "Q4 - Highest" ) ) ) ) -> Q1 - Lowest | AR2: =IF( tblMergedCleaned[[#This Row],[Definitely_Recommend_Pct]]="", "", tblMergedCleaned[[#This Row],[Definitely_Recommend_Pct]]-TX_Median_Recommend ) -> -17 | AS2: =IF( tblMergedCleaned[[#This Row],[Readmission_Rate_Pct]]="", "", tblMergedCleaned[[#This Row],[Readmission_Rate_Pct]]-TX_Median_Readmission ) -> 0.4
A3: 450007 | B3: PETERSON REGIONAL MEDICAL CENTER | C3: 551 HILL COUNTRY DRIVE | D3: KERRVILLE | E3: TX | F3: 78028 | G3: KERR | H3: (830) 896-4200 | I3: Acute Care Hospitals | J3: Voluntary non-profit - Private | K3: Yes | L3: 4 | M3: 4 | O3: 81 | P3: 78 | Q3: 64 | R3: 91 | S3: 81 | T3: 80 | U3: 750 | V3: 22 | W3: 45474 | X3: 45838 | Y3: 15 | Z3: No Different | AA3: 1340 | AB3: 13.7 | AC3: 16.4 | AE3: 45108 | AF3: 45473 | AG3: TRUE | AH3: TRUE | AI3: TRUE | AJ3: =IF(tblMergedCleaned[[#This Row],[Overall_Rating]]= "", "Unavailable", IF(tblMergedCleaned[[#This Row],[Overall_Rating]]<= 2, "Low (1-2)", IF(tblMergedCleaned[[#This Row],[Overall_Rating]]= 3, "Middle (3)", "High (4-5)" ) ) ) -> High (4-5) | AK3: {=IF( tblMergedCleaned[[#This Row],[Overall_Rating]]="", "", --(tblMergedCleaned[[#This Row],[Overall_Rating]]<=2) )} -> 0 | AL3: =IF( tblMergedCleaned[[#This Row],[Definitely_Recommend_Pct]]="", "", --(tblMergedCleaned[[#This Row],[Definitely_Recommend_Pct]]<TX_Median_Recommend) ) -> 0 | AM3: =IF( tblMergedCleaned[[#This Row],[Readmission_Comparison]]="", "", --(tblMergedCleaned[[#This Row],[Readmission_Comparison]]="Worse") ) -> 0 | AN3: =COUNT( tblMergedCleaned[[#This Row],[Low_Rating_Flag]:[Worse_Readmission_Flag]] ) -> 3 | AO3: =SUM( tblMergedCleaned[[#This Row],[Low_Rating_Flag]:[Worse_Readmission_Flag]] ) -> 0 | AP3: =IF( tblMergedCleaned[[#This Row],[Signals_Available_Count]]<3, "Limited data", IF( tblMergedCleaned[[#This Row],[Screening_Signal_Count]]=3, "Priority 1", IF( tblMergedCleaned[[#This Row],[Screening_Signal_Count]]=2, "Priority 2", IF( tblMergedCleaned[[#This Row],[Screening_Signal_Count]]=1, "Monitor", "No flagged signals" ) ) ) ) -> No flagged signals | AQ3: =IF( tblMergedCleaned[[#This Row],[Definitely_Recommend_Pct]]="", "Unavailable", IF( tblMergedCleaned[[#This Row],[Definitely_Recommend_Pct]]<=TX_Recommend_Q1, "Q1 - Lowest", IF( tblMergedCleaned[[#This Row],[Definitely_Recommend_Pct]]<=TX_Median_Recommend, "Q2", IF( tblMergedCleaned[[#This Row],[Definitely_Recommend_Pct]]<=TX_Recommend_Q3, "Q3", "Q4 - Highest" ) ) ) ) -> Q4 - Highest | AR3: =IF( tblMergedCleaned[[#This Row],[Definitely_Recommend_Pct]]="", "", tblMergedCleaned[[#This Row],[Definitely_Recommend_Pct]]-TX_Median_Recommend ) -> 9 | AS3: =IF( tblMergedCleaned[[#This Row],[Readmission_Rate_Pct]]="", "", tblMergedCleaned[[#This Row],[Readmission_Rate_Pct]]-TX_Median_Readmission ) -> 0.1
A4: 450010 | B4: UNITED REGIONAL HEALTH CARE SYSTEM | C4: 1600 11TH STREET | D4: WICHITA FALLS | E4: TX | F4: 76301 | G4: WICHITA | H4: (940) 764-7000 | I4: Acute Care Hospitals | J4: Voluntary non-profit - Private | K4: Yes | L4: 3 | M4: 3 | O4: 79 | P4: 75 | Q4: 58 | R4: 87 | S4: 71 | T4: 71 | U4: 505 | V4: 20 | W4: 45474 | X4: 45838 | Y4: 15.6 | Z4: No Different | AA4: 3943 | AB4: 14.7 | AC4: 16.4 | AE4: 45108 | AF4: 45473 | AG4: TRUE | AH4: TRUE | AI4: TRUE | AJ4: =IF(tblMergedCleaned[[#This Row],[Overall_Rating]]= "", "Unavailable", IF(tblMergedCleaned[[#This Row],[Overall_Rating]]<= 2, "Low (1-2)", IF(tblMergedCleaned[[#This Row],[Overall_Rating]]= 3, "Middle (3)", "High (4-5)" ) ) ) -> Middle (3) | AK4: {=IF( tblMergedCleaned[[#This Row],[Overall_Rating]]="", "", --(tblMergedCleaned[[#This Row],[Overall_Rating]]<=2) )} -> 0 | AL4: =IF( tblMergedCleaned[[#This Row],[Definitely_Recommend_Pct]]="", "", --(tblMergedCleaned[[#This Row],[Definitely_Recommend_Pct]]<TX_Median_Recommend) ) -> 0 | AM4: =IF( tblMergedCleaned[[#This Row],[Readmission_Comparison]]="", "", --(tblMergedCleaned[[#This Row],[Readmission_Comparison]]="Worse") ) -> 0 | AN4: =COUNT( tblMergedCleaned[[#This Row],[Low_Rating_Flag]:[Worse_Readmission_Flag]] ) -> 3 | AO4: =SUM( tblMergedCleaned[[#This Row],[Low_Rating_Flag]:[Worse_Readmission_Flag]] ) -> 0 | AP4: =IF( tblMergedCleaned[[#This Row],[Signals_Available_Count]]<3, "Limited data", IF( tblMergedCleaned[[#This Row],[Screening_Signal_Count]]=3, "Priority 1", IF( tblMergedCleaned[[#This Row],[Screening_Signal_Count]]=2, "Priority 2", IF( tblMergedCleaned[[#This Row],[Screening_Signal_Count]]=1, "Monitor", "No flagged signals" ) ) ) ) -> No flagged signals | AQ4: =IF( tblMergedCleaned[[#This Row],[Definitely_Recommend_Pct]]="", "Unavailable", IF( tblMergedCleaned[[#This Row],[Definitely_Recommend_Pct]]<=TX_Recommend_Q1, "Q1 - Lowest", IF( tblMergedCleaned[[#This Row],[Definitely_Recommend_Pct]]<=TX_Median_Recommend, "Q2", IF( tblMergedCleaned[[#This Row],[Definitely_Recommend_Pct]]<=TX_Recommend_Q3, "Q3", "Q4 - Highest" ) ) ) ) -> Q2 | AR4: =IF( tblMergedCleaned[[#This Row],[Definitely_Recommend_Pct]]="", "", tblMergedCleaned[[#This Row],[Definitely_Recommend_Pct]]-TX_Median_Recommend ) -> 0 | AS4: =IF( tblMergedCleaned[[#This Row],[Readmission_Rate_Pct]]="", "", tblMergedCleaned[[#This Row],[Readmission_Rate_Pct]]-TX_Median_Readmission ) -> 0.7
A5: 450011 | B5: CHI ST JOSEPH HEALTH REGIONAL HOSPITAL | C5: 2801 FRANCISCAN DR | D5: BRYAN | E5: TX | F5: 77802 | G5: BRAZOS | H5: (979) 776-3912 | I5: Acute Care Hospitals | J5: Voluntary non-profit - Private | K5: Yes | L5: 2 | M5: 2 | O5: 77 | P5: 77 | Q5: 61 | R5: 83 | S5: 66 | T5: 66 | U5: 1177 | V5: 13 | W5: 45474 | X5: 45838 | Y5: 14.9 | Z5: No Different | AA5: 2792 | AB5: 13.9 | AC5: 15.9 | AE5: 45108 | AF5: 45473 | AG5: TRUE | AH5: TRUE | AI5: TRUE | AJ5: =IF(tblMergedCleaned[[#This Row],[Overall_Rating]]= "", "Unavailable", IF(tblMergedCleaned[[#This Row],[Overall_Rating]]<= 2, "Low (1-2)", IF(tblMergedCleaned[[#This Row],[Overall_Rating]]= 3, "Middle (3)", "High (4-5)" ) ) ) -> Low (1-2) | AK5: {=IF( tblMergedCleaned[[#This Row],[Overall_Rating]]="", "", --(tblMergedCleaned[[#This Row],[Overall_Rating]]<=2) )} -> 1 | AL5: =IF( tblMergedCleaned[[#This Row],[Definitely_Recommend_Pct]]="", "", --(tblMergedCleaned[[#This Row],[Definitely_Recommend_Pct]]<TX_Median_Recommend) ) -> 1 | AM5: =IF( tblMergedCleaned[[#This Row],[Readmission_Comparison]]="", "", --(tblMergedCleaned[[#This Row],[Readmission_Comparison]]="Worse") ) -> 0 | AN5: =COUNT( tblMergedCleaned[[#This Row],[Low_Rating_Flag]:[Worse_Readmission_Flag]] ) -> 3 | AO5: =SUM( tblMergedCleaned[[#This Row],[Low_Rating_Flag]:[Worse_Readmission_Flag]] ) -> 2 | AP5: =IF( tblMergedCleaned[[#This Row],[Signals_Available_Count]]<3, "Limited data", IF( tblMergedCleaned[[#This Row],[Screening_Signal_Count]]=3, "Priority 1", IF( tblMergedCleaned[[#This Row],[Screening_Signal_Count]]=2, "Priority 2", IF( tblMergedCleaned[[#This Row],[Screening_Signal_Count]]=1, "Monitor", "No flagged signals" ) ) ) ) -> Priority 2 | AQ5: =IF( tblMergedCleaned[[#This Row],[Definitely_Recommend_Pct]]="", "Unavailable", IF( tblMergedCleaned[[#This Row],[Definitely_Recommend_Pct]]<=TX_Recommend_Q1, "Q1 - Lowest", IF( tblMergedCleaned[[#This Row],[Definitely_Recommend_Pct]]<=TX_Median_Recommend, "Q2", IF( tblMergedCleaned[[#This Row],[Definitely_Recommend_Pct]]<=TX_Recommend_Q3, "Q3", "Q4 - Highest" ) ) ) ) -> Q1 - Lowest | AR5: =IF( tblMergedCleaned[[#This Row],[Definitely_Recommend_Pct]]="", "", tblMergedCleaned[[#This Row],[Definitely_Recommend_Pct]]-TX_Median_Recommend ) -> -5 | AS5: =IF( tblMergedCleaned[[#This Row],[Readmission_Rate_Pct]]="", "", tblMergedCleaned[[#This Row],[Readmission_Rate_Pct]]-TX_Median_Readmission ) -> 0
A6: 450015 | B6: PARKLAND HEALTH & HOSPITAL SYSTEM | C6: 5200 HARRY HINES BLVD | D6: DALLAS | E6: TX | F6: 75235 | G6: DALLAS | H6: (214) 590-8000 | I6: Acute Care Hospitals | J6: Government - Hospital District or Authority | K6: Yes | L6: 3 | M6: 3 | O6: 73 | P6: 76 | Q6: 56 | R6: 85 | S6: 70 | T6: 70 | U6: 1727 | V6: 6 | W6: 45474 | X6: 45838 | Y6: 14.7 | Z6: No Different | AA6: 893 | AB6: 13.5 | AC6: 16.1 | AE6: 45108 | AF6: 45473 | AG6: TRUE | AH6: TRUE | AI6: TRUE | AJ6: =IF(tblMergedCleaned[[#This Row],[Overall_Rating]]= "", "Unavailable", IF(tblMergedCleaned[[#This Row],[Overall_Rating]]<= 2, "Low (1-2)", IF(tblMergedCleaned[[#This Row],[Overall_Rating]]= 3, "Middle (3)", "High (4-5)" ) ) ) -> Middle (3) | AK6: {=IF( tblMergedCleaned[[#This Row],[Overall_Rating]]="", "", --(tblMergedCleaned[[#This Row],[Overall_Rating]]<=2) )} -> 0 | AL6: =IF( tblMergedCleaned[[#This Row],[Definitely_Recommend_Pct]]="", "", --(tblMergedCleaned[[#This Row],[Definitely_Recommend_Pct]]<TX_Median_Recommend) ) -> 1 | AM6: =IF( tblMergedCleaned[[#This Row],[Readmission_Comparison]]="", "", --(tblMergedCleaned[[#This Row],[Readmission_Comparison]]="Worse") ) -> 0 | AN6: =COUNT( tblMergedCleaned[[#This Row],[Low_Rating_Flag]:[Worse_Readmission_Flag]] ) -> 3 | AO6: =SUM( tblMergedCleaned[[#This Row],[Low_Rating_Flag]:[Worse_Readmission_Flag]] ) -> 1 | AP6: =IF( tblMergedCleaned[[#This Row],[Signals_Available_Count]]<3, "Limited data", IF( tblMergedCleaned[[#This Row],[Screening_Signal_Count]]=3, "Priority 1", IF( tblMergedCleaned[[#This Row],[Screening_Signal_Count]]=2, "Priority 2", IF( tblMergedCleaned[[#This Row],[Screening_Signal_Count]]=1, "Monitor", "No flagged signals" ) ) ) ) -> Monitor | AQ6: =IF( tblMergedCleaned[[#This Row],[Definitely_Recommend_Pct]]="", "Unavailable", IF( tblMergedCleaned[[#This Row],[Definitely_Recommend_Pct]]<=TX_Recommend_Q1, "Q1 - Lowest", IF( tblMergedCleaned[[#This Row],[Definitely_Recommend_Pct]]<=TX_Median_Recommend, "Q2", IF( tblMergedCleaned[[#This Row],[Definitely_Recommend_Pct]]<=TX_Recommend_Q3, "Q3", "Q4 - Highest" ) ) ) ) -> Q2 | AR6: =IF( tblMergedCleaned[[#This Row],[Definitely_Recommend_Pct]]="", "", tblMergedCleaned[[#This Row],[Definitely_Recommend_Pct]]-TX_Median_Recommend ) -> -1 | AS6: =IF( tblMergedCleaned[[#This Row],[Readmission_Rate_Pct]]="", "", tblMergedCleaned[[#This Row],[Readmission_Rate_Pct]]-TX_Median_Readmission ) -> -0.2
A7: 450018 | B7: UNIVERSITY OF TEXAS MEDICAL BRANCH GALVESTON | C7: 301 UNIVERSITY BOULEVARD | D7: GALVESTON | E7: TX | F7: 77555 | G7: GALVESTON | H7: (409) 772-1011 | I7: Acute Care Hospitals | J7: Government - State | K7: Yes | L7: 3 | M7: 3 | O7: 77 | P7: 76 | Q7: 61 | R7: 85 | S7: 74 | T7: 72 | U7: 1342 | V7: 11 | W7: 45474 | X7: 45838 | Y7: 16 | Z7: No Different | AA7: 3474 | AB7: 15 | AC7: 16.9 | AE7: 45108 | AF7: 45473 | AG7: TRUE | AH7: TRUE | AI7: TRUE | AJ7: =IF(tblMergedCleaned[[#This Row],[Overall_Rating]]= "", "Unavailable", IF(tblMergedCleaned[[#This Row],[Overall_Rating]]<= 2, "Low (1-2)", IF(tblMergedCleaned[[#This Row],[Overall_Rating]]= 3, "Middle (3)", "High (4-5)" ) ) ) -> Middle (3) | AK7: {=IF( tblMergedCleaned[[#This Row],[Overall_Rating]]="", "", --(tblMergedCleaned[[#This Row],[Overall_Rating]]<=2) )} -> 0 | AL7: =IF( tblMergedCleaned[[#This Row],[Definitely_Recommend_Pct]]="", "", --(tblMergedCleaned[[#This Row],[Definitely_Recommend_Pct]]<TX_Median_Recommend) ) -> 0 | AM7: =IF( tblMergedCleaned[[#This Row],[Readmission_Comparison]]="", "", --(tblMergedCleaned[[#This Row],[Readmission_Comparison]]="Worse") ) -> 0 | AN7: =COUNT( tblMergedCleaned[[#This Row],[Low_Rating_Flag]:[Worse_Readmission_Flag]] ) -> 3 | AO7: =SUM( tblMergedCleaned[[#This Row],[Low_Rating_Flag]:[Worse_Readmission_Flag]] ) -> 0 | AP7: =IF( tblMergedCleaned[[#This Row],[Signals_Available_Count]]<3, "Limited data", IF( tblMergedCleaned[[#This Row],[Screening_Signal_Count]]=3, "Priority 1", IF( tblMergedCleaned[[#This Row],[Screening_Signal_Count]]=2, "Priority 2", IF( tblMergedCleaned[[#This Row],[Screening_Signal_Count]]=1, "Monitor", "No flagged signals" ) ) ) ) -> No flagged signals | AQ7: =IF( tblMergedCleaned[[#This Row],[Definitely_Recommend_Pct]]="", "Unavailable", IF( tblMergedCleaned[[#This Row],[Definitely_Recommend_Pct]]<=TX_Recommend_Q1, "Q1 - Lowest", IF( tblMergedCleaned[[#This Row],[Definitely_Recommend_Pct]]<=TX_Median_Recommend, "Q2", IF( tblMergedCleaned[[#This Row],[Definitely_Recommend_Pct]]<=TX_Recommend_Q3, "Q3", "Q4 - Highest" ) ) ) ) -> Q3 | AR7: =IF( tblMergedCleaned[[#This Row],[Definitely_Recommend_Pct]]="", "", tblMergedCleaned[[#This Row],[Definitely_Recommend_Pct]]-TX_Median_Recommend ) -> 1 | AS7: =IF( tblMergedCleaned[[#This Row],[Readmission_Rate_Pct]]="", "", tblMergedCleaned[[#This Row],[Readmission_Rate_Pct]]-TX_Median_Readmission ) -> 1.1
A8: 450021 | B8: BAYLOR UNIVERSITY MEDICAL CENTER | C8: 3500 GASTON AVE | D8: DALLAS | E8: TX | F8: 75246 | G8: DALLAS | H8: (214) 820-8082 | I8: Acute Care Hospitals | J8: Voluntary non-profit - Private | K8: Yes | L8: 4 | M8: 4 | O8: 78 | P8: 80 | Q8: 60 | R8: 87 | S8: 71 | T8: 74 | U8: 2284 | V8: 12 | W8: 45474 | X8: 45838 | Y8: 13.9 | Z8: Better | AA8: 4591 | AB8: 13.1 | AC8: 14.7 | AE8: 45108 | AF8: 45473 | AG8: TRUE | AH8: TRUE | AI8: TRUE | AJ8: =IF(tblMergedCleaned[[#This Row],[Overall_Rating]]= "", "Unavailable", IF(tblMergedCleaned[[#This Row],[Overall_Rating]]<= 2, "Low (1-2)", IF(tblMergedCleaned[[#This Row],[Overall_Rating]]= 3, "Middle (3)", "High (4-5)" ) ) ) -> High (4-5) | AK8: {=IF( tblMergedCleaned[[#This Row],[Overall_Rating]]="", "", --(tblMergedCleaned[[#This Row],[Overall_Rating]]<=2) )} -> 0 | AL8: =IF( tblMergedCleaned[[#This Row],[Definitely_Recommend_Pct]]="", "", --(tblMergedCleaned[[#This Row],[Definitely_Recommend_Pct]]<TX_Median_Recommend) ) -> 0 | AM8: =IF( tblMergedCleaned[[#This Row],[Readmission_Comparison]]="", "", --(tblMergedCleaned[[#This Row],[Readmission_Comparison]]="Worse") ) -> 0 | AN8: =COUNT( tblMergedCleaned[[#This Row],[Low_Rating_Flag]:[Worse_Readmission_Flag]] ) -> 3 | AO8: =SUM( tblMergedCleaned[[#This Row],[Low_Rating_Flag]:[Worse_Readmission_Flag]] ) -> 0 | AP8: =IF( tblMergedCleaned[[#This Row],[Signals_Available_Count]]<3, "Limited data", IF( tblMergedCleaned[[#This Row],[Screening_Signal_Count]]=3, "Priority 1", IF( tblMergedCleaned[[#This Row],[Screening_Signal_Count]]=2, "Priority 2", IF( tblMergedCleaned[[#This Row],[Screening_Signal_Count]]=1, "Monitor", "No flagged signals" ) ) ) ) -> No flagged signals | AQ8: =IF( tblMergedCleaned[[#This Row],[Definitely_Recommend_Pct]]="", "Unavailable", IF( tblMergedCleaned[[#This Row],[Definitely_Recommend_Pct]]<=TX_Recommend_Q1, "Q1 - Lowest", IF( tblMergedCleaned[[#This Row],[Definitely_Recommend_Pct]]<=TX_Median_Recommend, "Q2", IF( tblMergedCleaned[[#This Row],[Definitely_Recommend_Pct]]<=TX_Recommend_Q3, "Q3", "Q4 - Highest" ) ) ) ) -> Q3 | AR8: =IF( tblMergedCleaned[[#This Row],[Definitely_Recommend_Pct]]="", "", tblMergedCleaned[[#This Row],[Definitely_Recommend_Pct]]-TX_Median_Recommend ) -> 3 | AS8: =IF( tblMergedCleaned[[#This Row],[Readmission_Rate_Pct]]="", "", tblMergedCleaned[[#This Row],[Readmission_Rate_Pct]]-TX_Median_Readmission ) -> -1
A9: 450023 | B9: CITIZENS MEDICAL CENTER | C9: 2701 HOSPITAL DRIVE | D9: VICTORIA | E9: TX | F9: 77901 | G9: VICTORIA | H9: (361) 573-9181 | I9: Acute Care Hospitals | J9: Voluntary non-profit - Other | K9: Yes | L9: 3 | M9: 3 | O9: 80 | P9: 79 | Q9: 61 | R9: 83 | S9: 73 | T9: 73 | U9: 882 | V9: 19 | W9: 45474 | X9: 45838 | Y9: 14.7 | Z9: No Different | AA9: 1380 | AB9: 13.5 | AC9: 16.1 | AE9: 45108 | AF9: 45473 | AG9: TRUE | AH9: TRUE | AI9: TRUE | AJ9: =IF(tblMergedCleaned[[#This Row],[Overall_Rating]]= "", "Unavailable", IF(tblMergedCleaned[[#This Row],[Overall_Rating]]<= 2, "Low (1-2)", IF(tblMergedCleaned[[#This Row],[Overall_Rating]]= 3, "Middle (3)", "High (4-5)" ) ) ) -> Middle (3) | AK9: {=IF( tblMergedCleaned[[#This Row],[Overall_Rating]]="", "", --(tblMergedCleaned[[#This Row],[Overall_Rating]]<=2) )} -> 0 | AL9: =IF( tblMergedCleaned[[#This Row],[Definitely_Recommend_Pct]]="", "", --(tblMergedCleaned[[#This Row],[Definitely_Recommend_Pct]]<TX_Median_Recommend) ) -> 0 | AM9: =IF( tblMergedCleaned[[#This Row],[Readmission_Comparison]]="", "", --(tblMergedCleaned[[#This Row],[Readmission_Comparison]]="Worse") ) -> 0 | AN9: =COUNT( tblMergedCleaned[[#This Row],[Low_Rating_Flag]:[Worse_Readmission_Flag]] ) -> 3 | AO9: =SUM( tblMergedCleaned[[#This Row],[Low_Rating_Flag]:[Worse_Readmission_Flag]] ) -> 0 | AP9: =IF( tblMergedCleaned[[#This Row],[Signals_Available_Count]]<3, "Limited data", IF( tblMergedCleaned[[#This Row],[Screening_Signal_Count]]=3, "Priority 1", IF( tblMergedCleaned[[#This Row],[Screening_Signal_Count]]=2, "Priority 2", IF( tblMergedCleaned[[#This Row],[Screening_Signal_Count]]=1, "Monitor", "No flagged signals" ) ) ) ) -> No flagged signals | AQ9: =IF( tblMergedCleaned[[#This Row],[Definitely_Recommend_Pct]]="", "Unavailable", IF( tblMergedCleaned[[#This Row],[Definitely_Recommend_Pct]]<=TX_Recommend_Q1, "Q1 - Lowest", IF( tblMergedCleaned[[#This Row],[Definitely_Recommend_Pct]]<=TX_Median_Recommend, "Q2", IF( tblMergedCleaned[[#This Row],[Definitely_Recommend_Pct]]<=TX_Recommend_Q3, "Q3", "Q4 - Highest" ) ) ) ) -> Q3 | AR9: =IF( tblMergedCleaned[[#This Row],[Definitely_Recommend_Pct]]="", "", tblMergedCleaned[[#This Row],[Definitely_Recommend_Pct]]-TX_Median_Recommend ) -> 2 | AS9: =IF( tblMergedCleaned[[#This Row],[Readmission_Rate_Pct]]="", "", tblMergedCleaned[[#This Row],[Readmission_Rate_Pct]]-TX_Median_Readmission ) -> -0.2
A10: 450024 | B10: UNIVERSITY MEDICAL CENTER OF EL PASO | C10: 4815 ALAMEDA AVE | D10: EL PASO | E10: TX | F10: 79905 | G10: EL PASO | H10: (915) 521-7602 | I10: Acute Care Hospitals | J10: Physician | K10: Yes | L10: 3 | M10: 3 | O10: 73 | P10: 75 | Q10: 56 | R10: 84 | S10: 68 | T10: 70 | U10: 2423 | V10: 24 | W10: 45474 | X10: 45838 | Y10: 15.4 | Z10: No Different | AA10: 906 | AB10: 14.1 | AC10: 16.8 | AE10: 45108 | AF10: 45473 | AG10: TRUE | AH10: TRUE | AI10: TRUE | AJ10: =IF(tblMergedCleaned[[#This Row],[Overall_Rating]]= "", "Unavailable", IF(tblMergedCleaned[[#This Row],[Overall_Rating]]<= 2, "Low (1-2)", IF(tblMergedCleaned[[#This Row],[Overall_Rating]]= 3, "Middle (3)", "High (4-5)" ) ) ) -> Middle (3) | AK10: {=IF( tblMergedCleaned[[#This Row],[Overall_Rating]]="", "", --(tblMergedCleaned[[#This Row],[Overall_Rating]]<=2) )} -> 0 | AL10: =IF( tblMergedCleaned[[#This Row],[Definitely_Recommend_Pct]]="", "", --(tblMergedCleaned[[#This Row],[Definitely_Recommend_Pct]]<TX_Median_Recommend) ) -> 1 | AM10: =IF( tblMergedCleaned[[#This Row],[Readmission_Comparison]]="", "", --(tblMergedCleaned[[#This Row],[Readmission_Comparison]]="Worse") ) -> 0 | AN10: =COUNT( tblMergedCleaned[[#This Row],[Low_Rating_Flag]:[Worse_Readmission_Flag]] ) -> 3 | AO10: =SUM( tblMergedCleaned[[#This Row],[Low_Rating_Flag]:[Worse_Readmission_Flag]] ) -> 1 | AP10: =IF( tblMergedCleaned[[#This Row],[Signals_Available_Count]]<3, "Limited data", IF( tblMergedCleaned[[#This Row],[Screening_Signal_Count]]=3, "Priority 1", IF( tblMergedCleaned[[#This Row],[Screening_Signal_Count]]=2, "Priority 2", IF( tblMergedCleaned[[#This Row],[Screening_Signal_Count]]=1, "Monitor", "No flagged signals" ) ) ) ) -> Monitor | AQ10: =IF( tblMergedCleaned[[#This Row],[Definitely_Recommend_Pct]]="", "Unavailable", IF( tblMergedCleaned[[#This Row],[Definitely_Recommend_Pct]]<=TX_Recommend_Q1, "Q1 - Lowest", IF( tblMergedCleaned[[#This Row],[Definitely_Recommend_Pct]]<=TX_Median_Recommend, "Q2", IF( tblMergedCleaned[[#This Row],[Definitely_Recommend_Pct]]<=TX_Recommend_Q3, "Q3", "Q4 - Highest" ) ) ) ) -> Q2 | AR10: =IF( tblMergedCleaned[[#This Row],[Definitely_Recommend_Pct]]="", "", tblMergedCleaned[[#This Row],[Definitely_Recommend_Pct]]-TX_Median_Recommend ) -> -1 | AS10: =IF( tblMergedCleaned[[#This Row],[Readmission_Rate_Pct]]="", "", tblMergedCleaned[[#This Row],[Readmission_Rate_Pct]]-TX_Median_Readmission ) -> 0.5
A11: 450028 | B11: VALLEY BAPTIST MEDICAL CENTER- BROWNSVILLE | C11: 1040 W JEFFERSON ST | D11: BROWNSVILLE | E11: TX | F11: 78520 | G11: CAMERON | H11: (956) 544-1400 | I11: Acute Care Hospitals | J11: Proprietary | K11: Yes | L11: 3 | M11: 3 | O11: 66 | P11: 69 | Q11: 51 | R11: 81 | S11: 58 | T11: 58 | U11: 410 | V11: 8 | W11: 45474 | X11: 45838 | Y11: 15.4 | Z11: No Different | AA11: 710 | AB11: 14 | AC11: 16.9 | AE11: 45108 | AF11: 45473 | AG11: TRUE | AH11: TRUE | AI11: TRUE | AJ11: =IF(tblMergedCleaned[[#This Row],[Overall_Rating]]= "", "Unavailable", IF(tblMergedCleaned[[#This Row],[Overall_Rating]]<= 2, "Low (1-2)", IF(tblMergedCleaned[[#This Row],[Overall_Rating]]= 3, "Middle (3)", "High (4-5)" ) ) ) -> Middle (3) | AK11: {=IF( tblMergedCleaned[[#This Row],[Overall_Rating]]="", "", --(tblMergedCleaned[[#This Row],[Overall_Rating]]<=2) )} -> 0 | AL11: =IF( tblMergedCleaned[[#This Row],[Definitely_Recommend_Pct]]="", "", --(tblMergedCleaned[[#This Row],[Definitely_Recommend_Pct]]<TX_Median_Recommend) ) -> 1 | AM11: =IF( tblMergedCleaned[[#This Row],[Readmission_Comparison]]="", "", --(tblMergedCleaned[[#This Row],[Readmission_Comparison]]="Worse") ) -> 0 | AN11: =COUNT( tblMergedCleaned[[#This Row],[Low_Rating_Flag]:[Worse_Readmission_Flag]] ) -> 3 | AO11: =SUM( tblMergedCleaned[[#This Row],[Low_Rating_Flag]:[Worse_Readmission_Flag]] ) -> 1 | AP11: =IF( tblMergedCleaned[[#This Row],[Signals_Available_Count]]<3, "Limited data", IF( tblMergedCleaned[[#This Row],[Screening_Signal_Count]]=3, "Priority 1", IF( tblMergedCleaned[[#This Row],[Screening_Signal_Count]]=2, "Priority 2", IF( tblMergedCleaned[[#This Row],[Screening_Signal_Count]]=1, "Monitor", "No flagged signals" ) ) ) ) -> Monitor | AQ11: =IF( tblMergedCleaned[[#This Row],[Definitely_Recommend_Pct]]="", "Unavailable", IF( tblMergedCleaned[[#This Row],[Definitely_Recommend_Pct]]<=TX_Recommend_Q1, "Q1 - Lowest", IF( tblMergedCleaned[[#This Row],[Definitely_Recommend_Pct]]<=TX_Median_Recommend, "Q2", IF( tblMergedCleaned[[#This Row],[Definitely_Recommend_Pct]]<=TX_Recommend_Q3, "Q3", "Q4 - Highest" ) ) ) ) -> Q1 - Lowest | AR11: =IF( tblMergedCleaned[[#This Row],[Definitely_Recommend_Pct]]="", "", tblMergedCleaned[[#This Row],[Definitely_Recommend_Pct]]-TX_Median_Recommend ) -> -13 | AS11: =IF( tblMergedCleaned[[#This Row],[Readmission_Rate_Pct]]="", "", tblMergedCleaned[[#This Row],[Readmission_Rate_Pct]]-TX_Median_Readmission ) -> 0.5
A12: 450029 | B12: LAREDO MEDICAL CENTER | C12: 1700 EAST SAUNDERS | D12: LAREDO | E12: TX | F12: 78044 | G12: WEBB | H12: (956) 796-5000 | I12: Acute Care Hospitals | J12: Proprietary | K12: Yes | L12: 4 | M12: 4 | O12: 74 | P12: 75 | Q12: 56 | R12: 80 | S12: 59 | T12: 59 | U12: 387 | V12: 7 | W12: 45474 | X12: 45838 | Y12: 15.1 | Z12: No Different | AA12: 1371 | AB12: 13.9 | AC12: 16.2 | AE12: 45108 | AF12: 45473 | AG12: TRUE | AH12: TRUE | AI12: TRUE | AJ12: =IF(tblMergedCleaned[[#This Row],[Overall_Rating]]= "", "Unavailable", IF(tblMergedCleaned[[#This Row],[Overall_Rating]]<= 2, "Low (1-2)", IF(tblMergedCleaned[[#This Row],[Overall_Rating]]= 3, "Middle (3)", "High (4-5)" ) ) ) -> High (4-5) | AK12: {=IF( tblMergedCleaned[[#This Row],[Overall_Rating]]="", "", --(tblMergedCleaned[[#This Row],[Overall_Rating]]<=2) )} -> 0 | AL12: =IF( tblMergedCleaned[[#This Row],[Definitely_Recommend_Pct]]="", "", --(tblMergedCleaned[[#This Row],[Definitely_Recommend_Pct]]<TX_Median_Recommend) ) -> 1 | AM12: =IF( tblMergedCleaned[[#This Row],[Readmission_Comparison]]="", "", --(tblMergedCleaned[[#This Row],[Readmission_Comparison]]="Worse") ) -> 0 | AN12: =COUNT( tblMergedCleaned[[#This Row],[Low_Rating_Flag]:[Worse_Readmission_Flag]] ) -> 3 | AO12: =SUM( tblMergedCleaned[[#This Row],[Low_Rating_Flag]:[Worse_Readmission_Flag]] ) -> 1 | AP12: =IF( tblMergedCleaned[[#This Row],[Signals_Available_Count]]<3, "Limited data", IF( tblMergedCleaned[[#This Row],[Screening_Signal_Count]]=3, "Priority 1", IF( tblMergedCleaned[[#This Row],[Screening_Signal_Count]]=2, "Priority 2", IF( tblMergedCleaned[[#This Row],[Screening_Signal_Count]]=1, "Monitor", "No flagged signals" ) ) ) ) -> Monitor | AQ12: =IF( tblMergedCleaned[[#This Row],[Definitely_Recommend_Pct]]="", "Unavailable", IF( tblMergedCleaned[[#This Row],[Definitely_Recommend_Pct]]<=TX_Recommend_Q1, "Q1 - Lowest", IF( tblMergedCleaned[[#This Row],[Definitely_Recommend_Pct]]<=TX_Median_Recommend, "Q2", IF( tblMergedCleaned[[#This Row],[Definitely_Recommend_Pct]]<=TX_Recommend_Q3, "Q3", "Q4 - Highest" ) ) ) ) -> Q1 - Lowest | AR12: =IF( tblMergedCleaned[[#This Row],[Definitely_Recommend_Pct]]="", "", tblMergedCleaned[[#This Row],[Definitely_Recommend_Pct]]-TX_Median_Recommend ) -> -12 | AS12: =IF( tblMergedCleaned[[#This Row],[Readmission_Rate_Pct]]="", "", tblMergedCleaned[[#This Row],[Readmission_Rate_Pct]]-TX_Median_Readmission ) -> 0.2
A13: 450032 | B13: CHRISTUS GOOD SHEPHERD MEDICAL CENTER | C13: 700 E MARSHALL AVE | D13: LONGVIEW | E13: TX | F13: 75601 | G13: GREGG | H13: (903) 927-6712 | I13: Acute Care Hospitals | J13: Voluntary non-profit - Private | K13: Yes | L13: 4 | M13: 4 | O13: 81 | P13: 78 | Q13: 67 | R13: 85 | S13: 72 | T13: 71 | U13: 486 | V13: 15 | W13: 45474 | X13: 45838 | Y13: 16.4 | Z13: Worse | AA13: 2659 | AB13: 15.4 | AC13: 17.4 | AE13: 45108 | AF13: 45473 | AG13: TRUE | AH13: TRUE | AI13: TRUE | AJ13: =IF(tblMergedCleaned[[#This Row],[Overall_Rating]]= "", "Unavailable", IF(tblMergedCleaned[[#This Row],[Overall_Rating]]<= 2, "Low (1-2)", IF(tblMergedCleaned[[#This Row],[Overall_Rating]]= 3, "Middle (3)", "High (4-5)" ) ) ) -> High (4-5) | AK13: {=IF( tblMergedCleaned[[#This Row],[Overall_Rating]]="", "", --(tblMergedCleaned[[#This Row],[Overall_Rating]]<=2) )} -> 0 | AL13: =IF( tblMergedCleaned[[#This Row],[Definitely_Recommend_Pct]]="", "", --(tblMergedCleaned[[#This Row],[Definitely_Recommend_Pct]]<TX_Median_Recommend) ) -> 0 | AM13: =IF( tblMergedCleaned[[#This Row],[Readmission_Comparison]]="", "", --(tblMergedCleaned[[#This Row],[Readmission_Comparison]]="Worse") ) -> 1 | AN13: =COUNT( tblMergedCleaned[[#This Row],[Low_Rating_Flag]:[Worse_Readmission_Flag]] ) -> 3 | AO13: =SUM( tblMergedCleaned[[#This Row],[Low_Rating_Flag]:[Worse_Readmission_Flag]] ) -> 1 | AP13: =IF( tblMergedCleaned[[#This Row],[Signals_Available_Count]]<3, "Limited data", IF( tblMergedCleaned[[#This Row],[Screening_Signal_Count]]=3, "Priority 1", IF( tblMergedCleaned[[#This Row],[Screening_Signal_Count]]=2, "Priority 2", IF( tblMergedCleaned[[#This Row],[Screening_Signal_Count]]=1, "Monitor", "No flagged signals" ) ) ) ) -> Monitor | AQ13: =IF( tblMergedCleaned[[#This Row],[Definitely_Recommend_Pct]]="", "Unavailable", IF( tblMergedCleaned[[#This Row],[Definitely_Recommend_Pct]]<=TX_Recommend_Q1, "Q1 - Lowest", IF( tblMergedCleaned[[#This Row],[Definitely_Recommend_Pct]]<=TX_Median_Recommend, "Q2", IF( tblMergedCleaned[[#This Row],[Definitely_Recommend_Pct]]<=TX_Recommend_Q3, "Q3", "Q4 - Highest" ) ) ) ) -> Q2 | AR13: =IF( tblMergedCleaned[[#This Row],[Definitely_Recommend_Pct]]="", "", tblMergedCleaned[[#This Row],[Definitely_Recommend_Pct]]-TX_Median_Recommend ) -> 0 | AS13: =IF( tblMergedCleaned[[#This Row],[Readmission_Rate_Pct]]="", "", tblMergedCleaned[[#This Row],[Readmission_Rate_Pct]]-TX_Median_Readmission ) -> 1.5
... A18: 450040 | B18: COVENANT MEDICAL CENTER | C18: 3615 19TH STREET | D18: LUBBOCK | E18: TX | F18: 79410 | G18: LUBBOCK | H18: (806) 725-4431 | I18: Acute Care Hospitals | J18: Voluntary non-profit - Private | K18: Yes | L18: 3 | M18: 3 | O18: 76 | P18: 75 | Q18: 60 | R18: 85 | S18: 69 | T18: 70 | U18: 757 | V18: 18 | W18: 45474 | X18: 45838 | Y18: 13.5 | Z18: Better | AA18: 3522 | AB18: 12.7 | AC18: 14.5 | AE18: 45108 | AF18: 45473 | AG18: TRUE | AH18: TRUE | AI18: TRUE | AJ18: =IF(tblMergedCleaned[[#This Row],[Overall_Rating]]= "", "Unavailable", IF(tblMergedCleaned[[#This Row],[Overall_Rating]]<= 2, "Low (1-2)", IF(tblMergedCleaned[[#This Row],[Overall_Rating]]= 3, "Middle (3)", "High (4-5)" ) ) ) -> Middle (3) | AK18: {=IF( tblMergedCleaned[[#This Row],[Overall_Rating]]="", "", --(tblMergedCleaned[[#This Row],[Overall_Rating]]<=2) )} -> 0 | AL18: =IF( tblMergedCleaned[[#This Row],[Definitely_Recommend_Pct]]="", "", --(tblMergedCleaned[[#This Row],[Definitely_Recommend_Pct]]<TX_Median_Recommend) ) -> 1 | AM18: =IF( tblMergedCleaned[[#This Row],[Readmission_Comparison]]="", "", --(tblMergedCleaned[[#This Row],[Readmission_Comparison]]="Worse") ) -> 0 | AN18: =COUNT( tblMergedCleaned[[#This Row],[Low_Rating_Flag]:[Worse_Readmission_Flag]] ) -> 3 | AO18: =SUM( tblMergedCleaned[[#This Row],[Low_Rating_Flag]:[Worse_Readmission_Flag]] ) -> 1 | AP18: =IF( tblMergedCleaned[[#This Row],[Signals_Available_Count]]<3, "Limited data", IF( tblMergedCleaned[[#This Row],[Screening_Signal_Count]]=3, "Priority 1", IF( tblMergedCleaned[[#This Row],[Screening_Signal_Count]]=2, "Priority 2", IF( tblMergedCleaned[[#This Row],[Screening_Signal_Count]]=1, "Monitor", "No flagged signals" ) ) ) ) -> Monitor | AQ18: =IF( tblMergedCleaned[[#This Row],[Definitely_Recommend_Pct]]="", "Unavailable", IF( tblMergedCleaned[[#This Row],[Definitely_Recommend_Pct]]<=TX_Recommend_Q1, "Q1 - Lowest", IF( tblMergedCleaned[[#This Row],[Definitely_Recommend_Pct]]<=TX_Median_Recommend, "Q2", IF( tblMergedCleaned[[#This Row],[Definitely_Recommend_Pct]]<=TX_Recommend_Q3, "Q3", "Q4 - Highest" ) ) ) ) -> Q2 | AR18: =IF( tblMergedCleaned[[#This Row],[Definitely_Recommend_Pct]]="", "", tblMergedCleaned[[#This Row],[Definitely_Recommend_Pct]]-TX_Median_Recommend ) -> -1 | AS18: =IF( tblMergedCleaned[[#This Row],[Readmission_Rate_Pct]]="", "", tblMergedCleaned[[#This Row],[Readmission_Rate_Pct]]-TX_Median_Readmission ) -> -1.4
A19: 450042 | B19: ASCENSION PROVIDENCE | C19: 6901 MEDICAL PARKWAY | D19: WACO | E19: TX | F19: 76712 | G19: MC LENNAN | H19: (254) 751-4000 | I19: Acute Care Hospitals | J19: Voluntary non-profit - Private | K19: Yes | L19: 2 | M19: 2 | N19: 29 | O19: 76 | P19: 80 | Q19: 61 | R19: 87 | S19: 73 | T19: 72 | U19: 269 | V19: 15 | W19: 45474 | X19: 45838 | Y19: 14.2 | Z19: No Different | AA19: 1091 | AB19: 13 | AC19: 15.1 | AD19: 29 | AE19: 45108 | AF19: 45473 | AG19: TRUE | AH19: TRUE | AI19: TRUE | AJ19: =IF(tblMergedCleaned[[#This Row],[Overall_Rating]]= "", "Unavailable", IF(tblMergedCleaned[[#This Row],[Overall_Rating]]<= 2, "Low (1-2)", IF(tblMergedCleaned[[#This Row],[Overall_Rating]]= 3, "Middle (3)", "High (4-5)" ) ) ) -> Low (1-2) | AK19: {=IF( tblMergedCleaned[[#This Row],[Overall_Rating]]="", "", --(tblMergedCleaned[[#This Row],[Overall_Rating]]<=2) )} -> 1 | AL19: =IF( tblMergedCleaned[[#This Row],[Definitely_Recommend_Pct]]="", "", --(tblMergedCleaned[[#This Row],[Definitely_Recommend_Pct]]<TX_Median_Recommend) ) -> 0 | AM19: =IF( tblMergedCleaned[[#This Row],[Readmission_Comparison]]="", "", --(tblMergedCleaned[[#This Row],[Readmission_Comparison]]="Worse") ) -> 0 | AN19: =COUNT( tblMergedCleaned[[#This Row],[Low_Rating_Flag]:[Worse_Readmission_Flag]] ) -> 3 | AO19: =SUM( tblMergedCleaned[[#This Row],[Low_Rating_Flag]:[Worse_Readmission_Flag]] ) -> 1 | AP19: =IF( tblMergedCleaned[[#This Row],[Signals_Available_Count]]<3, "Limited data", IF( tblMergedCleaned[[#This Row],[Screening_Signal_Count]]=3, "Priority 1", IF( tblMergedCleaned[[#This Row],[Screening_Signal_Count]]=2, "Priority 2", IF( tblMergedCleaned[[#This Row],[Screening_Signal_Count]]=1, "Monitor", "No flagged signals" ) ) ) ) -> Monitor | AQ19: =IF( tblMergedCleaned[[#This Row],[Definitely_Recommend_Pct]]="", "Unavailable", IF( tblMergedCleaned[[#This Row],[Definitely_Recommend_Pct]]<=TX_Recommend_Q1, "Q1 - Lowest", IF( tblMergedCleaned[[#This Row],[Definitely_Recommend_Pct]]<=TX_Median_Recommend, "Q2", IF( tblMergedCleaned[[#This Row],[Definitely_Recommend_Pct]]<=TX_Recommend_Q3, "Q3", "Q4 - Highest" ) ) ) ) -> Q3 | AR19: =IF( tblMergedCleaned[[#This Row],[Definitely_Recommend_Pct]]="", "", tblMergedCleaned[[#This Row],[Definitely_Recommend_Pct]]-TX_Median_Recommend ) -> 1 | AS19: =IF( tblMergedCleaned[[#This Row],[Readmission_Rate_Pct]]="", "", tblMergedCleaned[[#This Row],[Readmission_Rate_Pct]]-TX_Median_Readmission ) -> -0.7
A20: 450044 | B20: UT OF TEXAS SOUTHWESTERN UNIVERSITY HOSPITAL - WILLIAM P. CLEMENTS JR. | C20: 6201 HARRY HINES BLVD | D20: DALLAS | E20: TX | F20: 75390 | G20: DALLAS | H20: (214) 633-5555 | I20: Acute Care Hospitals | J20: Government - State | K20: Yes | L20: 4 | M20: 4 | O20: 80 | P20: 83 | Q20: 63 | R20: 90 | S20: 83 | T20: 85 | U20: 3232 | V20: 16 | W20: 45474 | X20: 45838 | Y20: 15.9 | Z20: Worse | AA20: 5428 | AB20: 15.1 | AC20: 16.7 | AE20: 45108 | AF20: 45473 | AG20: TRUE | AH20: TRUE | AI20: TRUE | AJ20: =IF(tblMergedCleaned[[#This Row],[Overall_Rating]]= "", "Unavailable", IF(tblMergedCleaned[[#This Row],[Overall_Rating]]<= 2, "Low (1-2)", IF(tblMergedCleaned[[#This Row],[Overall_Rating]]= 3, "Middle (3)", "High (4-5)" ) ) ) -> High (4-5) | AK20: {=IF( tblMergedCleaned[[#This Row],[Overall_Rating]]="", "", --(tblMergedCleaned[[#This Row],[Overall_Rating]]<=2) )} -> 0 | AL20: =IF( tblMergedCleaned[[#This Row],[Definitely_Recommend_Pct]]="", "", --(tblMergedCleaned[[#This Row],[Definitely_Recommend_Pct]]<TX_Median_Recommend) ) -> 0 | AM20: =IF( tblMergedCleaned[[#This Row],[Readmission_Comparison]]="", "", --(tblMergedCleaned[[#This Row],[Readmission_Comparison]]="Worse") ) -> 1 | AN20: =COUNT( tblMergedCleaned[[#This Row],[Low_Rating_Flag]:[Worse_Readmission_Flag]] ) -> 3 | AO20: =SUM( tblMergedCleaned[[#This Row],[Low_Rating_Flag]:[Worse_Readmission_Flag]] ) -> 1 | AP20: =IF( tblMergedCleaned[[#This Row],[Signals_Available_Count]]<3, "Limited data", IF( tblMergedCleaned[[#This Row],[Screening_Signal_Count]]=3, "Priority 1", IF( tblMergedCleaned[[#This Row],[Screening_Signal_Count]]=2, "Priority 2", IF( tblMergedCleaned[[#This Row],[Screening_Signal_Count]]=1, "Monitor", "No flagged signals" ) ) ) ) -> Monitor | AQ20: =IF( tblMergedCleaned[[#This Row],[Definitely_Recommend_Pct]]="", "Unavailable", IF( tblMergedCleaned[[#This Row],[Definitely_Recommend_Pct]]<=TX_Recommend_Q1, "Q1 - Lowest", IF( tblMergedCleaned[[#This Row],[Definitely_Recommend_Pct]]<=TX_Median_Recommend, "Q2", IF( tblMergedCleaned[[#This Row],[Definitely_Recommend_Pct]]<=TX_Recommend_Q3, "Q3", "Q4 - Highest" ) ) ) ) -> Q4 - Highest | AR20: =IF( tblMergedCleaned[[#This Row],[Definitely_Recommend_Pct]]="", "", tblMergedCleaned[[#This Row],[Definitely_Recommend_Pct]]-TX_Median_Recommend ) -> 14 | AS20: =IF( tblMergedCleaned[[#This Row],[Readmission_Rate_Pct]]="", "", tblMergedCleaned[[#This Row],[Readmission_Rate_Pct]]-TX_Median_Readmission ) -> 1
A21: 450046 | B21: CHRISTUS SPOHN HOSPITAL CORPUS CHRISTI | C21: 600 ELIZABETH STREET | D21: CORPUS CHRISTI | E21: TX | F21: 78404 | G21: NUECES | H21: (361) 902-4103 | I21: Acute Care Hospitals | J21: Voluntary non-profit - Private | K21: Yes | L21: 3 | M21: 3 | O21: 74 | P21: 74 | Q21: 56 | R21: 82 | S21: 71 | T21: 72 | U21: 415 | V21: 12 | W21: 45474 | X21: 45838 | Y21: 14.4 | Z21: No Different | AA21: 2388 | AB21: 13.5 | AC21: 15.5 | AE21: 45108 | AF21: 45473 | AG21: TRUE | AH21: TRUE | AI21: TRUE | AJ21: =IF(tblMergedCleaned[[#This Row],[Overall_Rating]]= "", "Unavailable", IF(tblMergedCleaned[[#This Row],[Overall_Rating]]<= 2, "Low (1-2)", IF(tblMergedCleaned[[#This Row],[Overall_Rating]]= 3, "Middle (3)", "High (4-5)" ) ) ) -> Middle (3) | AK21: {=IF( tblMergedCleaned[[#This Row],[Overall_Rating]]="", "", --(tblMergedCleaned[[#This Row],[Overall_Rating]]<=2) )} -> 0 | AL21: =IF( tblMergedCleaned[[#This Row],[Definitely_Recommend_Pct]]="", "", --(tblMergedCleaned[[#This Row],[Definitely_Recommend_Pct]]<TX_Median_Recommend) ) -> 0 | AM21: =IF( tblMergedCleaned[[#This Row],[Readmission_Comparison]]="", "", --(tblMergedCleaned[[#This Row],[Readmission_Comparison]]="Worse") ) -> 0 | AN21: =COUNT( tblMergedCleaned[[#This Row],[Low_Rating_Flag]:[Worse_Readmission_Flag]] ) -> 3 | AO21: =SUM( tblMergedCleaned[[#This Row],[Low_Rating_Flag]:[Worse_Readmission_Flag]] ) -> 0 | AP21: =IF( tblMergedCleaned[[#This Row],[Signals_Available_Count]]<3, "Limited data", IF( tblMergedCleaned[[#This Row],[Screening_Signal_Count]]=3, "Priority 1", IF( tblMergedCleaned[[#This Row],[Screening_Signal_Count]]=2, "Priority 2", IF( tblMergedCleaned[[#This Row],[Screening_Signal_Count]]=1, "Monitor", "No flagged signals" ) ) ) ) -> No flagged signals | AQ21: =IF( tblMergedCleaned[[#This Row],[Definitely_Recommend_Pct]]="", "Unavailable", IF( tblMergedCleaned[[#This Row],[Definitely_Recommend_Pct]]<=TX_Recommend_Q1, "Q1 - Lowest", IF( tblMergedCleaned[[#This Row],[Definitely_Recommend_Pct]]<=TX_Median_Recommend, "Q2", IF( tblMergedCleaned[[#This Row],[Definitely_Recommend_Pct]]<=TX_Recommend_Q3, "Q3", "Q4 - Highest" ) ) ) ) -> Q3 | AR21: =IF( tblMergedCleaned[[#This Row],[Definitely_Recommend_Pct]]="", "", tblMergedCleaned[[#This Row],[Definitely_Recommend_Pct]]-TX_Median_Recommend ) -> 1 | AS21: =IF( tblMergedCleaned[[#This Row],[Readmission_Rate_Pct]]="", "", tblMergedCleaned[[#This Row],[Readmission_Rate_Pct]]-TX_Median_Readmission ) -> -0.5
A22: 450051 | B22: METHODIST DALLAS MEDICAL CENTER | C22: 1441 NORTH BECKLEY AVENUE | D22: DALLAS | E22: TX | F22: 75203 | G22: DALLAS | H22: (214) 947-8181 | I22: Acute Care Hospitals | J22: Voluntary non-profit - Other | K22: Yes | L22: 3 | M22: 3 | O22: 78 | P22: 78 | Q22: 60 | R22: 87 | S22: 76 | T22: 75 | U22: 1086 | V22: 13 | W22: 45474 | X22: 45838 | Y22: 14.1 | Z22: No Different | AA22: 1227 | AB22: 13 | AC22: 15.3 | AE22: 45108 | AF22: 45473 | AG22: TRUE | AH22: TRUE | AI22: TRUE | AJ22: =IF(tblMergedCleaned[[#This Row],[Overall_Rating]]= "", "Unavailable", IF(tblMergedCleaned[[#This Row],[Overall_Rating]]<= 2, "Low (1-2)", IF(tblMergedCleaned[[#This Row],[Overall_Rating]]= 3, "Middle (3)", "High (4-5)" ) ) ) -> Middle (3) | AK22: {=IF( tblMergedCleaned[[#This Row],[Overall_Rating]]="", "", --(tblMergedCleaned[[#This Row],[Overall_Rating]]<=2) )} -> 0 | AL22: =IF( tblMergedCleaned[[#This Row],[Definitely_Recommend_Pct]]="", "", --(tblMergedCleaned[[#This Row],[Definitely_Recommend_Pct]]<TX_Median_Recommend) ) -> 0 | AM22: =IF( tblMergedCleaned[[#This Row],[Readmission_Comparison]]="", "", --(tblMergedCleaned[[#This Row],[Readmission_Comparison]]="Worse") ) -> 0 | AN22: =COUNT( tblMergedCleaned[[#This Row],[Low_Rating_Flag]:[Worse_Readmission_Flag]] ) -> 3 | AO22: =SUM( tblMergedCleaned[[#This Row],[Low_Rating_Flag]:[Worse_Readmission_Flag]] ) -> 0 | AP22: =IF( tblMergedCleaned[[#This Row],[Signals_Available_Count]]<3, "Limited data", IF( tblMergedCleaned[[#This Row],[Screening_Signal_Count]]=3, "Priority 1", IF( tblMergedCleaned[[#This Row],[Screening_Signal_Count]]=2, "Priority 2", IF( tblMergedCleaned[[#This Row],[Screening_Signal_Count]]=1, "Monitor", "No flagged signals" ) ) ) ) -> No flagged signals | AQ22: =IF( tblMergedCleaned[[#This Row],[Definitely_Recommend_Pct]]="", "Unavailable", IF( tblMergedCleaned[[#This Row],[Definitely_Recommend_Pct]]<=TX_Recommend_Q1, "Q1 - Lowest", IF( tblMergedCleaned[[#This Row],[Definitely_Recommend_Pct]]<=TX_Median_Recommend, "Q2", IF( tblMergedCleaned[[#This Row],[Definitely_Recommend_Pct]]<=TX_Recommend_Q3, "Q3", "Q4 - Highest" ) ) ) ) -> Q3 | AR22: =IF( tblMergedCleaned[[#This Row],[Definitely_Recommend_Pct]]="", "", tblMergedCleaned[[#This Row],[Definitely_Recommend_Pct]]-TX_Median_Recommend ) -> 4 | AS22: =IF( tblMergedCleaned[[#This Row],[Readmission_Rate_Pct]]="", "", tblMergedCleaned[[#This Row],[Readmission_Rate_Pct]]-TX_Median_Readmission ) -> -0.8
A23: 450054 | B23: BAYLOR SCOTT & WHITE MEDICAL CENTER - TEMPLE | C23: 2401 S 31ST ST | D23: TEMPLE | E23: TX | F23: 76508 | G23: BELL | H23: (254) 724-2111 | I23: Acute Care Hospitals | J23: Voluntary non-profit - Private | K23: Yes | L23: 5 | M23: 5 | O23: 79 | P23: 80 | Q23: 62 | R23: 88 | S23: 74 | T23: 73 | U23: 1878 | V23: 15 | W23: 45474 | X23: 45838 | Y23: 14.9 | Z23: No Different | AA23: 4120 | AB23: 14.2 | AC23: 15.9 | AE23: 45108 | AF23: 45473 | AG23: TRUE | AH23: TRUE | AI23: TRUE | AJ23: =IF(tblMergedCleaned[[#This Row],[Overall_Rating]]= "", "Unavailable", IF(tblMergedCleaned[[#This Row],[Overall_Rating]]<= 2, "Low (1-2)", IF(tblMergedCleaned[[#This Row],[Overall_Rating]]= 3, "Middle (3)", "High (4-5)" ) ) ) -> High (4-5) | AK23: {=IF( tblMergedCleaned[[#This Row],[Overall_Rating]]="", "", --(tblMergedCleaned[[#This Row],[Overall_Rating]]<=2) )} -> 0 | AL23: =IF( tblMergedCleaned[[#This Row],[Definitely_Recommend_Pct]]="", "", --(tblMergedCleaned[[#This Row],[Definitely_Recommend_Pct]]<TX_Median_Recommend) ) -> 0 | AM23: =IF( tblMergedCleaned[[#This Row],[Readmission_Comparison]]="", "", --(tblMergedCleaned[[#This Row],[Readmission_Comparison]]="Worse") ) -> 0 | AN23: =COUNT( tblMergedCleaned[[#This Row],[Low_Rating_Flag]:[Worse_Readmission_Flag]] ) -> 3 | AO23: =SUM( tblMergedCleaned[[#This Row],[Low_Rating_Flag]:[Worse_Readmission_Flag]] ) -> 0 | AP23: =IF( tblMergedCleaned[[#This Row],[Signals_Available_Count]]<3, "Limited data", IF( tblMergedCleaned[[#This Row],[Screening_Signal_Count]]=3, "Priority 1", IF( tblMergedCleaned[[#This Row],[Screening_Signal_Count]]=2, "Priority 2", IF( tblMergedCleaned[[#This Row],[Screening_Signal_Count]]=1, "Monitor", "No flagged signals" ) ) ) ) -> No flagged signals | AQ23: =IF( tblMergedCleaned[[#This Row],[Definitely_Recommend_Pct]]="", "Unavailable", IF( tblMergedCleaned[[#This Row],[Definitely_Recommend_Pct]]<=TX_Recommend_Q1, "Q1 - Lowest", IF( tblMergedCleaned[[#This Row],[Definitely_Recommend_Pct]]<=TX_Median_Recommend, "Q2", IF( tblMergedCleaned[[#This Row],[Definitely_Recommend_Pct]]<=TX_Recommend_Q3, "Q3", "Q4 - Highest" ) ) ) ) -> Q3 | AR23: =IF( tblMergedCleaned[[#This Row],[Definitely_Recommend_Pct]]="", "", tblMergedCleaned[[#This Row],[Definitely_Recommend_Pct]]-TX_Median_Recommend ) -> 2 | AS23: =IF( tblMergedCleaned[[#This Row],[Readmission_Rate_Pct]]="", "", tblMergedCleaned[[#This Row],[Readmission_Rate_Pct]]-TX_Median_Readmission ) -> 0
A24: 450055 | B24: ROLLING PLAINS MEMORIAL HOSPITAL | C24: 200 E ARIZONA | D24: SWEETWATER | E24: TX | F24: 79556 | G24: NOLAN | H24: (325) 235-1701 | I24: Acute Care Hospitals | J24: Government - Hospital District or Authority | K24: Yes | M24: Not Available | N24: 16 | O24: 82 | P24: 86 | Q24: 64 | R24: 87 | S24: 82 | T24: 74 | U24: 112 | V24: 17 | W24: 45474 | X24: 45838 | Y24: 15.2 | Z24: No Different | AA24: 132 | AB24: 13.5 | AC24: 17 | AE24: 45108 | AF24: 45473 | AG24: FALSE | AH24: TRUE | AI24: TRUE | AJ24: =IF(tblMergedCleaned[[#This Row],[Overall_Rating]]= "", "Unavailable", IF(tblMergedCleaned[[#This Row],[Overall_Rating]]<= 2, "Low (1-2)", IF(tblMergedCleaned[[#This Row],[Overall_Rating]]= 3, "Middle (3)", "High (4-5)" ) ) ) -> Unavailable | AK24: {=IF( tblMergedCleaned[[#This Row],[Overall_Rating]]="", "", --(tblMergedCleaned[[#This Row],[Overall_Rating]]<=2) )} | AL24: =IF( tblMergedCleaned[[#This Row],[Definitely_Recommend_Pct]]="", "", --(tblMergedCleaned[[#This Row],[Definitely_Recommend_Pct]]<TX_Median_Recommend) ) -> 0 | AM24: =IF( tblMergedCleaned[[#This Row],[Readmission_Comparison]]="", "", --(tblMergedCleaned[[#This Row],[Readmission_Comparison]]="Worse") ) -> 0 | AN24: =COUNT( tblMergedCleaned[[#This Row],[Low_Rating_Flag]:[Worse_Readmission_Flag]] ) -> 2 | AO24: =SUM( tblMergedCleaned[[#This Row],[Low_Rating_Flag]:[Worse_Readmission_Flag]] ) -> 0 | AP24: =IF( tblMergedCleaned[[#This Row],[Signals_Available_Count]]<3, "Limited data", IF( tblMergedCleaned[[#This Row],[Screening_Signal_Count]]=3, "Priority 1", IF( tblMergedCleaned[[#This Row],[Screening_Signal_Count]]=2, "Priority 2", IF( tblMergedCleaned[[#This Row],[Screening_Signal_Count]]=1, "Monitor", "No flagged signals" ) ) ) ) -> Limited data | AQ24: =IF( tblMergedCleaned[[#This Row],[Definitely_Recommend_Pct]]="", "Unavailable", IF( tblMergedCleaned[[#This Row],[Definitely_Recommend_Pct]]<=TX_Recommend_Q1, "Q1 - Lowest", IF( tblMergedCleaned[[#This Row],[Definitely_Recommend_Pct]]<=TX_Median_Recommend, "Q2", IF( tblMergedCleaned[[#This Row],[Definitely_Recommend_Pct]]<=TX_Recommend_Q3, "Q3", "Q4 - Highest" ) ) ) ) -> Q3 | AR24: =IF( tblMergedCleaned[[#This Row],[Definitely_Recommend_Pct]]="", "", tblMergedCleaned[[#This Row],[Definitely_Recommend_Pct]]-TX_Median_Recommend ) -> 3 | AS24: =IF( tblMergedCleaned[[#This Row],[Readmission_Rate_Pct]]="", "", tblMergedCleaned[[#This Row],[Readmission_Rate_Pct]]-TX_Median_Readmission ) -> 0.3
A25: 450056 | B25: ASCENSION SETON MEDICAL CENTER AUSTIN | C25: 1201 W 38TH ST | D25: AUSTIN | E25: TX | F25: 78705 | G25: TRAVIS | H25: (512) 324-1000 | I25: Acute Care Hospitals | J25: Voluntary non-profit - Private | K25: Yes | L25: 3 | M25: 3 | N25: 29 | O25: 77 | P25: 76 | Q25: 56 | R25: 83 | S25: 66 | T25: 67 | U25: 320 | V25: 14 | W25: 45474 | X25: 45838 | Y25: 14.3 | Z25: No Different | AA25: 1134 | AB25: 13 | AC25: 15.1 | AD25: 29 | AE25: 45108 | AF25: 45473 | AG25: TRUE | AH25: TRUE | AI25: TRUE | AJ25: =IF(tblMergedCleaned[[#This Row],[Overall_Rating]]= "", "Unavailable", IF(tblMergedCleaned[[#This Row],[Overall_Rating]]<= 2, "Low (1-2)", IF(tblMergedCleaned[[#This Row],[Overall_Rating]]= 3, "Middle (3)", "High (4-5)" ) ) ) -> Middle (3) | AK25: {=IF( tblMergedCleaned[[#This Row],[Overall_Rating]]="", "", --(tblMergedCleaned[[#This Row],[Overall_Rating]]<=2) )} -> 0 | AL25: =IF( tblMergedCleaned[[#This Row],[Definitely_Recommend_Pct]]="", "", --(tblMergedCleaned[[#This Row],[Definitely_Recommend_Pct]]<TX_Median_Recommend) ) -> 1 | AM25: =IF( tblMergedCleaned[[#This Row],[Readmission_Comparison]]="", "", --(tblMergedCleaned[[#This Row],[Readmission_Comparison]]="Worse") ) -> 0 | AN25: =COUNT( tblMergedCleaned[[#This Row],[Low_Rating_Flag]:[Worse_Readmission_Flag]] ) -> 3 | AO25: =SUM( tblMergedCleaned[[#This Row],[Low_Rating_Flag]:[Worse_Readmission_Flag]] ) -> 1 | AP25: =IF( tblMergedCleaned[[#This Row],[Signals_Available_Count]]<3, "Limited data", IF( tblMergedCleaned[[#This Row],[Screening_Signal_Count]]=3, "Priority 1", IF( tblMergedCleaned[[#This Row],[Screening_Signal_Count]]=2, "Priority 2", IF( tblMergedCleaned[[#This Row],[Screening_Signal_Count]]=1, "Monitor", "No flagged signals" ) ) ) ) -> Monitor | AQ25: =IF( tblMergedCleaned[[#This Row],[Definitely_Recommend_Pct]]="", "Unavailable", IF( tblMergedCleaned[[#This Row],[Definitely_Recommend_Pct]]<=TX_Recommend_Q1, "Q1 - Lowest", IF( tblMergedCleaned[[#This Row],[Definitely_Recommend_Pct]]<=TX_Median_Recommend, "Q2", IF( tblMergedCleaned[[#This Row],[Definitely_Recommend_Pct]]<=TX_Recommend_Q3, "Q3", "Q4 - Highest" ) ) ) ) -> Q2 | AR25: =IF( tblMergedCleaned[[#This Row],[Definitely_Recommend_Pct]]="", "", tblMergedCleaned[[#This Row],[Definitely_Recommend_Pct]]-TX_Median_Recommend ) -> -4 | AS25: =IF( tblMergedCleaned[[#This Row],[Readmission_Rate_Pct]]="", "", tblMergedCleaned[[#This Row],[Readmission_Rate_Pct]]-TX_Median_Readmission ) -> -0.6
A26: 450058 | B26: BAPTIST MEDICAL CENTER | C26: 111 DALLAS STREET | D26: SAN ANTONIO | E26: TX | F26: 78205 | G26: BEXAR | H26: (210) 297-8256 | I26: Acute Care Hospitals | J26: Proprietary | K26: Yes | L26: 3 | M26: 3 | O26: 75 | P26: 75 | Q26: 59 | R26: 83 | S26: 66 | T26: 63 | U26: 3657 | V26: 12 | W26: 45474 | X26: 45838 | Y26: 14.3 | Z26: No Different | AA26: 5603 | AB26: 13.5 | AC26: 15.1 | AE26: 45108 | AF26: 45473 | AG26: TRUE | AH26: TRUE | AI26: TRUE | AJ26: =IF(tblMergedCleaned[[#This Row],[Overall_Rating]]= "", "Unavailable", IF(tblMergedCleaned[[#This Row],[Overall_Rating]]<= 2, "Low (1-2)", IF(tblMergedCleaned[[#This Row],[Overall_Rating]]= 3, "Middle (3)", "High (4-5)" ) ) ) -> Middle (3) | AK26: {=IF( tblMergedCleaned[[#This Row],[Overall_Rating]]="", "", --(tblMergedCleaned[[#This Row],[Overall_Rating]]<=2) )} -> 0 | AL26: =IF( tblMergedCleaned[[#This Row],[Definitely_Recommend_Pct]]="", "", --(tblMergedCleaned[[#This Row],[Definitely_Recommend_Pct]]<TX_Median_Recommend) ) -> 1 | AM26: =IF( tblMergedCleaned[[#This Row],[Readmission_Comparison]]="", "", --(tblMergedCleaned[[#This Row],[Readmission_Comparison]]="Worse") ) -> 0 | AN26: =COUNT( tblMergedCleaned[[#This Row],[Low_Rating_Flag]:[Worse_Readmission_Flag]] ) -> 3 | AO26: =SUM( tblMergedCleaned[[#This Row],[Low_Rating_Flag]:[Worse_Readmission_Flag]] ) -> 1 | AP26: =IF( tblMergedCleaned[[#This Row],[Signals_Available_Count]]<3, "Limited data", IF( tblMergedCleaned[[#This Row],[Screening_Signal_Count]]=3, "Priority 1", IF( tblMergedCleaned[[#This Row],[Screening_Signal_Count]]=2, "Priority 2", IF( tblMergedCleaned[[#This Row],[Screening_Signal_Count]]=1, "Monitor", "No flagged signals" ) ) ) ) -> Monitor | AQ26: =IF( tblMergedCleaned[[#This Row],[Definitely_Recommend_Pct]]="", "Unavailable", IF( tblMergedCleaned[[#This Row],[Definitely_Recommend_Pct]]<=TX_Recommend_Q1, "Q1 - Lowest", IF( tblMergedCleaned[[#This Row],[Definitely_Recommend_Pct]]<=TX_Median_Recommend, "Q2", IF( tblMergedCleaned[[#This Row],[Definitely_Recommend_Pct]]<=TX_Recommend_Q3, "Q3", "Q4 - Highest" ) ) ) ) -> Q1 - Lowest | AR26: =IF( tblMergedCleaned[[#This Row],[Definitely_Recommend_Pct]]="", "", tblMergedCleaned[[#This Row],[Definitely_Recommend_Pct]]-TX_Median_Recommend ) -> -8 | AS26: =IF( tblMergedCleaned[[#This Row],[Readmission_Rate_Pct]]="", "", tblMergedCleaned[[#This Row],[Readmission_Rate_Pct]]-TX_Median_Readmission ) -> -0.6
A27: 450064 | B27: TEXAS HEALTH ARLINGTON MEMORIAL HOSPITAL | C27: 800 W RANDOL MILL RD | D27: ARLINGTON | E27: TX | F27: 76012 | G27: TARRANT | H27: (817) 548-6200 | I27: Acute Care Hospitals | J27: Voluntary non-profit - Private | K27: Yes | L27: 4 | M27: 4 | O27: 76 | P27: 74 | Q27: 60 | R27: 86 | S27: 70 | T27: 71 | U27: 830 | V27: 15 | W27: 45474 | X27: 45838 | Y27: 15.3 | Z27: No Different | AA27: 1431 | AB27: 14.1 | AC27: 16.6 | AE27: 45108 | AF27: 45473 | AG27: TRUE | AH27: TRUE | AI27: TRUE | AJ27: =IF(tblMergedCleaned[[#This Row],[Overall_Rating]]= "", "Unavailable", IF(tblMergedCleaned[[#This Row],[Overall_Rating]]<= 2, "Low (1-2)", IF(tblMergedCleaned[[#This Row],[Overall_Rating]]= 3, "Middle (3)", "High (4-5)" ) ) ) -> High (4-5) | AK27: {=IF( tblMergedCleaned[[#This Row],[Overall_Rating]]="", "", --(tblMergedCleaned[[#This Row],[Overall_Rating]]<=2) )} -> 0 | AL27: =IF( tblMergedCleaned[[#This Row],[Definitely_Recommend_Pct]]="", "", --(tblMergedCleaned[[#This Row],[Definitely_Recommend_Pct]]<TX_Median_Recommend) ) -> 0 | AM27: =IF( tblMergedCleaned[[#This Row],[Readmission_Comparison]]="", "", --(tblMergedCleaned[[#This Row],[Readmission_Comparison]]="Worse") ) -> 0 | AN27: =COUNT( tblMergedCleaned[[#This Row],[Low_Rating_Flag]:[Worse_Readmission_Flag]] ) -> 3 | AO27: =SUM( tblMergedCleaned[[#This Row],[Low_Rating_Flag]:[Worse_Readmission_Flag]] ) -> 0 | AP27: =IF( tblMergedCleaned[[#This Row],[Signals_Available_Count]]<3, "Limited data", IF( tblMergedCleaned[[#This Row],[Screening_Signal_Count]]=3, "Priority 1", IF( tblMergedCleaned[[#This Row],[Screening_Signal_Count]]=2, "Priority 2", IF( tblMergedCleaned[[#This Row],[Screening_Signal_Count]]=1, "Monitor", "No flagged signals" ) ) ) ) -> No flagged signals | AQ27: =IF( tblMergedCleaned[[#This Row],[Definitely_Recommend_Pct]]="", "Unavailable", IF( tblMergedCleaned[[#This Row],[Definitely_Recommend_Pct]]<=TX_Recommend_Q1, "Q1 - Lowest", IF( tblMergedCleaned[[#This Row],[Definitely_Recommend_Pct]]<=TX_Median_Recommend, "Q2", IF( tblMergedCleaned[[#This Row],[Definitely_Recommend_Pct]]<=TX_Recommend_Q3, "Q3", "Q4 - Highest" ) ) ) ) -> Q2 | AR27: =IF( tblMergedCleaned[[#This Row],[Definitely_Recommend_Pct]]="", "", tblMergedCleaned[[#This Row],[Definitely_Recommend_Pct]]-TX_Median_Recommend ) -> 0 | AS27: =IF( tblMergedCleaned[[#This Row],[Readmission_Rate_Pct]]="", "", tblMergedCleaned[[#This Row],[Readmission_Rate_Pct]]-TX_Median_Readmission ) -> 0.4
A28: 450068 | B28: MEMORIAL HERMANN - TEXAS MEDICAL CENTER | C28: 6411 FANNIN | D28: HOUSTON | E28: TX | F28: 77030 | G28: HARRIS | H28: (713) 704-3700 | I28: Acute Care Hospitals | J28: Voluntary non-profit - Private | K28: Yes | L28: 4 | M28: 4 | O28: 75 | P28: 75 | Q28: 57 | R28: 85 | S28: 72 | T28: 71 | U28: 2120 | V28: 13 | W28: 45474 | X28: 45838 | Y28: 14.6 | Z28: No Different | AA28: 3979 | AB28: 13.7 | AC28: 15.5 | AE28: 45108 | AF28: 45473 | AG28: TRUE | AH28: TRUE | AI28: TRUE | AJ28: =IF(tblMergedCleaned[[#This Row],[Overall_Rating]]= "", "Unavailable", IF(tblMergedCleaned[[#This Row],[Overall_Rating]]<= 2, "Low (1-2)", IF(tblMergedCleaned[[#This Row],[Overall_Rating]]= 3, "Middle (3)", "High (4-5)" ) ) ) -> High (4-5) | AK28: {=IF( tblMergedCleaned[[#This Row],[Overall_Rating]]="", "", --(tblMergedCleaned[[#This Row],[Overall_Rating]]<=2) )} -> 0 | AL28: =IF( tblMergedCleaned[[#This Row],[Definitely_Recommend_Pct]]="", "", --(tblMergedCleaned[[#This Row],[Definitely_Recommend_Pct]]<TX_Median_Recommend) ) -> 0 | AM28: =IF( tblMergedCleaned[[#This Row],[Readmission_Comparison]]="", "", --(tblMergedCleaned[[#This Row],[Readmission_Comparison]]="Worse") ) -> 0 | AN28: =COUNT( tblMergedCleaned[[#This Row],[Low_Rating_Flag]:[Worse_Readmission_Flag]] ) -> 3 | AO28: =SUM( tblMergedCleaned[[#This Row],[Low_Rating_Flag]:[Worse_Readmission_Flag]] ) -> 0 | AP28: =IF( tblMergedCleaned[[#This Row],[Signals_Available_Count]]<3, "Limited data", IF( tblMergedCleaned[[#This Row],[Screening_Signal_Count]]=3, "Priority 1", IF( tblMergedCleaned[[#This Row],[Screening_Signal_Count]]=2, "Priority 2", IF( tblMergedCleaned[[#This Row],[Screening_Signal_Count]]=1, "Monitor", "No flagged signals" ) ) ) ) -> No flagged signals | AQ28: =IF( tblMergedCleaned[[#This Row],[Definitely_Recommend_Pct]]="", "Unavailable", IF( tblMergedCleaned[[#This Row],[Definitely_Recommend_Pct]]<=TX_Recommend_Q1, "Q1 - Lowest", IF( tblMergedCleaned[[#This Row],[Definitely_Recommend_Pct]]<=TX_Median_Recommend, "Q2", IF( tblMergedCleaned[[#This Row],[Definitely_Recommend_Pct]]<=TX_Recommend_Q3, "Q3", "Q4 - Highest" ) ) ) ) -> Q2 | AR28: =IF( tblMergedCleaned[[#This Row],[Definitely_Recommend_Pct]]="", "", tblMergedCleaned[[#This Row],[Definitely_Recommend_Pct]]-TX_Median_Recommend ) -> 0 | AS28: =IF( tblMergedCleaned[[#This Row],[Readmission_Rate_Pct]]="", "", tblMergedCleaned[[#This Row],[Readmission_Rate_Pct]]-TX_Median_Readmission ) -> -0.3
A29: 450072 | B29: CHI ST LUKE'S HEALTH BRAZOSPORT | C29: 100 MEDICAL DRIVE | D29: LAKE JACKSON | E29: TX | F29: 77566 | G29: BRAZORIA | H29: (979) 297-4411 | I29: Acute Care Hospitals | J29: Voluntary non-profit - Private | K29: Yes | L29: 4 | M29: 4 | O29: 80 | P29: 82 | Q29: 65 | R29: 85 | S29: 70 | T29: 66 | U29: 450 | V29: 14 | W29: 45474 | X29: 45838 | Y29: 15.1 | Z29: No Different | AA29: 532 | AB29: 13.5 | AC29: 16.8 | AE29: 45108 | AF29: 45473 | AG29: TRUE | AH29: TRUE | AI29: TRUE | AJ29: =IF(tblMergedCleaned[[#This Row],[Overall_Rating]]= "", "Unavailable", IF(tblMergedCleaned[[#This Row],[Overall_Rating]]<= 2, "Low (1-2)", IF(tblMergedCleaned[[#This Row],[Overall_Rating]]= 3, "Middle (3)", "High (4-5)" ) ) ) -> High (4-5) | AK29: {=IF( tblMergedCleaned[[#This Row],[Overall_Rating]]="", "", --(tblMergedCleaned[[#This Row],[Overall_Rating]]<=2) )} -> 0 | AL29: =IF( tblMergedCleaned[[#This Row],[Definitely_Recommend_Pct]]="", "", --(tblMergedCleaned[[#This Row],[Definitely_Recommend_Pct]]<TX_Median_Recommend) ) -> 1 | AM29: =IF( tblMergedCleaned[[#This Row],[Readmission_Comparison]]="", "", --(tblMergedCleaned[[#This Row],[Readmission_Comparison]]="Worse") ) -> 0 | AN29: =COUNT( tblMergedCleaned[[#This Row],[Low_Rating_Flag]:[Worse_Readmission_Flag]] ) -> 3 | AO29: =SUM( tblMergedCleaned[[#This Row],[Low_Rating_Flag]:[Worse_Readmission_Flag]] ) -> 1 | AP29: =IF( tblMergedCleaned[[#This Row],[Signals_Available_Count]]<3, "Limited data", IF( tblMergedCleaned[[#This Row],[Screening_Signal_Count]]=3, "Priority 1", IF( tblMergedCleaned[[#This Row],[Screening_Signal_Count]]=2, "Priority 2", IF( tblMergedCleaned[[#This Row],[Screening_Signal_Count]]=1, "Monitor", "No flagged signals" ) ) ) ) -> Monitor | AQ29: =IF( tblMergedCleaned[[#This Row],[Definitely_Recommend_Pct]]="", "Unavailable", IF( tblMergedCleaned[[#This Row],[Definitely_Recommend_Pct]]<=TX_Recommend_Q1, "Q1 - Lowest", IF( tblMergedCleaned[[#This Row],[Definitely_Recommend_Pct]]<=TX_Median_Recommend, "Q2", IF( tblMergedCleaned[[#This Row],[Definitely_Recommend_Pct]]<=TX_Recommend_Q3, "Q3", "Q4 - Highest" ) ) ) ) -> Q1 - Lowest | AR29: =IF( tblMergedCleaned[[#This Row],[Definitely_Recommend_Pct]]="", "", tblMergedCleaned[[#This Row],[Definitely_Recommend_Pct]]-TX_Median_Recommend ) -> -5 | AS29: =IF( tblMergedCleaned[[#This Row],[Readmission_Rate_Pct]]="", "", tblMergedCleaned[[#This Row],[Readmission_Rate_Pct]]-TX_Median_Readmission ) -> 0.2
A30: 450079 | B30: BAYLOR SCOTT & WHITE MEDICAL CENTER AT IRVING | C30: 1901 N MACARTHUR BLVD | D30: IRVING | E30: TX | F30: 75061 | G30: DALLAS | H30: (972) 579-8100 | I30: Acute Care Hospitals | J30: Voluntary non-profit - Private | K30: Yes | L30: 5 | M30: 5 | O30: 78 | P30: 77 | Q30: 61 | R30: 88 | S30: 74 | T30: 77 | U30: 753 | V30: 10 | W30: 45474 | X30: 45838 | Y30: 14.8 | Z30: No Different | AA30: 1424 | AB30: 13.6 | AC30: 16 | AE30: 45108 | AF30: 45473 | AG30: TRUE | AH30: TRUE | AI30: TRUE | AJ30: =IF(tblMergedCleaned[[#This Row],[Overall_Rating]]= "", "Unavailable", IF(tblMergedCleaned[[#This Row],[Overall_Rating]]<= 2, "Low (1-2)", IF(tblMergedCleaned[[#This Row],[Overall_Rating]]= 3, "Middle (3)", "High (4-5)" ) ) ) -> High (4-5) | AK30: {=IF( tblMergedCleaned[[#This Row],[Overall_Rating]]="", "", --(tblMergedCleaned[[#This Row],[Overall_Rating]]<=2) )} -> 0 | AL30: =IF( tblMergedCleaned[[#This Row],[Definitely_Recommend_Pct]]="", "", --(tblMergedCleaned[[#This Row],[Definitely_Recommend_Pct]]<TX_Median_Recommend) ) -> 0 | AM30: =IF( tblMergedCleaned[[#This Row],[Readmission_Comparison]]="", "", --(tblMergedCleaned[[#This Row],[Readmission_Comparison]]="Worse") ) -> 0 | AN30: =COUNT( tblMergedCleaned[[#This Row],[Low_Rating_Flag]:[Worse_Readmission_Flag]] ) -> 3 | AO30: =SUM( tblMergedCleaned[[#This Row],[Low_Rating_Flag]:[Worse_Readmission_Flag]] ) -> 0 | AP30: =IF( tblMergedCleaned[[#This Row],[Signals_Available_Count]]<3, "Limited data", IF( tblMergedCleaned[[#This Row],[Screening_Signal_Count]]=3, "Priority 1", IF( tblMergedCleaned[[#This Row],[Screening_Signal_Count]]=2, "Priority 2", IF( tblMergedCleaned[[#This Row],[Screening_Signal_Count]]=1, "Monitor", "No flagged signals" ) ) ) ) -> No flagged signals | AQ30: =IF( tblMergedCleaned[[#This Row],[Definitely_Recommend_Pct]]="", "Unavailable", IF( tblMergedCleaned[[#This Row],[Definitely_Recommend_Pct]]<=TX_Recommend_Q1, "Q1 - Lowest", IF( tblMergedCleaned[[#This Row],[Definitely_Recommend_Pct]]<=TX_Median_Recommend, "Q2", IF( tblMergedCleaned[[#This Row],[Definitely_Recommend_Pct]]<=TX_Recommend_Q3, "Q3", "Q4 - Highest" ) ) ) ) -> Q3 | AR30: =IF( tblMergedCleaned[[#This Row],[Definitely_Recommend_Pct]]="", "", tblMergedCleaned[[#This Row],[Definitely_Recommend_Pct]]-TX_Median_Recommend ) -> 6 | AS30: =IF( tblMergedCleaned[[#This Row],[Readmission_Rate_Pct]]="", "", tblMergedCleaned[[#This Row],[Readmission_Rate_Pct]]-TX_Median_Readmission ) -> -0.1
A31: 450080 | B31: TITUS REGIONAL MEDICAL CENTER | C31: 2001 N JEFFERSON | D31: MOUNT PLEASANT | E31: TX | F31: 75455 | G31: TITUS | H31: (903) 577-6000 | I31: Acute Care Hospitals | J31: Government - Hospital District or Authority | K31: Yes | L31: 3 | M31: 3 | O31: 82 | P31: 82 | Q31: 64 | R31: 89 | S31: 68 | T31: 70 | U31: 379 | V31: 20 | W31: 45474 | X31: 45838 | Y31: 15.2 | Z31: No Different | AA31: 515 | AB31: 13.9 | AC31: 16.7 | AE31: 45108 | AF31: 45473 | AG31: TRUE | AH31: TRUE | AI31: TRUE | AJ31: =IF(tblMergedCleaned[[#This Row],[Overall_Rating]]= "", "Unavailable", IF(tblMergedCleaned[[#This Row],[Overall_Rating]]<= 2, "Low (1-2)", IF(tblMergedCleaned[[#This Row],[Overall_Rating]]= 3, "Middle (3)", "High (4-5)" ) ) ) -> Middle (3) | AK31: {=IF( tblMergedCleaned[[#This Row],[Overall_Rating]]="", "", --(tblMergedCleaned[[#This Row],[Overall_Rating]]<=2) )} -> 0 | AL31: =IF( tblMergedCleaned[[#This Row],[Definitely_Recommend_Pct]]="", "", --(tblMergedCleaned[[#This Row],[Definitely_Recommend_Pct]]<TX_Median_Recommend) ) -> 1 | AM31: =IF( tblMergedCleaned[[#This Row],[Readmission_Comparison]]="", "", --(tblMergedCleaned[[#This Row],[Readmission_Comparison]]="Worse") ) -> 0 | AN31: =COUNT( tblMergedCleaned[[#This Row],[Low_Rating_Flag]:[Worse_Readmission_Flag]] ) -> 3 | AO31: =SUM( tblMergedCleaned[[#This Row],[Low_Rating_Flag]:[Worse_Readmission_Flag]] ) -> 1 | AP31: =IF( tblMergedCleaned[[#This Row],[Signals_Available_Count]]<3, "Limited data", IF( tblMergedCleaned[[#This Row],[Screening_Signal_Count]]=3, "Priority 1", IF( tblMergedCleaned[[#This Row],[Screening_Signal_Count]]=2, "Priority 2", IF( tblMergedCleaned[[#This Row],[Screening_Signal_Count]]=1, "Monitor", "No flagged signals" ) ) ) ) -> Monitor | AQ31: =IF( tblMergedCleaned[[#This Row],[Definitely_Recommend_Pct]]="", "Unavailable", IF( tblMergedCleaned[[#This Row],[Definitely_Recommend_Pct]]<=TX_Recommend_Q1, "Q1 - Lowest", IF( tblMergedCleaned[[#This Row],[Definitely_Recommend_Pct]]<=TX_Median_Recommend, "Q2", IF( tblMergedCleaned[[#This Row],[Definitely_Recommend_Pct]]<=TX_Recommend_Q3, "Q3", "Q4 - Highest" ) ) ) ) -> Q2 | AR31: =IF( tblMergedCleaned[[#This Row],[Definitely_Recommend_Pct]]="", "", tblMergedCleaned[[#This Row],[Definitely_Recommend_Pct]]-TX_Median_Recommend ) -> -1 | AS31: =IF( tblMergedCleaned[[#This Row],[Readmission_Rate_Pct]]="", "", tblMergedCleaned[[#This Row],[Readmission_Rate_Pct]]-TX_Median_Readmission ) -> 0.3
A32: 450082 | B32: CHRISTUS SPOHN HOSPITAL BEEVILLE | C32: 1500 E HOUSTON HWY | D32: BEEVILLE | E32: TX | F32: 78102 | G32: BEE | H32: (361) 354-2000 | I32: Acute Care Hospitals | J32: Voluntary non-profit - Private | K32: Yes | L32: 2 | M32: 2 | O32: 78 | P32: 71 | Q32: 54 | R32: 87 | S32: 60 | T32: 56 | U32: 131 | V32: 13 | W32: 45474 | X32: 45838 | Y32: 15.4 | Z32: No Different | AA32: 152 | AB32: 13.7 | AC32: 17.3 | AE32: 45108 | AF32: 45473 | AG32: TRUE | AH32: TRUE | AI32: TRUE | AJ32: =IF(tblMergedCleaned[[#This Row],[Overall_Rating]]= "", "Unavailable", IF(tblMergedCleaned[[#This Row],[Overall_Rating]]<= 2, "Low (1-2)", IF(tblMergedCleaned[[#This Row],[Overall_Rating]]= 3, "Middle (3)", "High (4-5)" ) ) ) -> Low (1-2) | AK32: {=IF( tblMergedCleaned[[#This Row],[Overall_Rating]]="", "", --(tblMergedCleaned[[#This Row],[Overall_Rating]]<=2) )} -> 1 | AL32: =IF( tblMergedCleaned[[#This Row],[Definitely_Recommend_Pct]]="", "", --(tblMergedCleaned[[#This Row],[Definitely_Recommend_Pct]]<TX_Median_Recommend) ) -> 1 | AM32: =IF( tblMergedCleaned[[#This Row],[Readmission_Comparison]]="", "", --(tblMergedCleaned[[#This Row],[Readmission_Comparison]]="Worse") ) -> 0 | AN32: =COUNT( tblMergedCleaned[[#This Row],[Low_Rating_Flag]:[Worse_Readmission_Flag]] ) -> 3 | AO32: =SUM( tblMergedCleaned[[#This Row],[Low_Rating_Flag]:[Worse_Readmission_Flag]] ) -> 2 | AP32: =IF( tblMergedCleaned[[#This Row],[Signals_Available_Count]]<3, "Limited data", IF( tblMergedCleaned[[#This Row],[Screening_Signal_Count]]=3, "Priority 1", IF( tblMergedCleaned[[#This Row],[Screening_Signal_Count]]=2, "Priority 2", IF( tblMergedCleaned[[#This Row],[Screening_Signal_Count]]=1, "Monitor", "No flagged signals" ) ) ) ) -> Priority 2 | AQ32: =IF( tblMergedCleaned[[#This Row],[Definitely_Recommend_Pct]]="", "Unavailable", IF( tblMergedCleaned[[#This Row],[Definitely_Recommend_Pct]]<=TX_Recommend_Q1, "Q1 - Lowest", IF( tblMergedCleaned[[#This Row],[Definitely_Recommend_Pct]]<=TX_Median_Recommend, "Q2", IF( tblMergedCleaned[[#This Row],[Definitely_Recommend_Pct]]<=TX_Recommend_Q3, "Q3", "Q4 - Highest" ) ) ) ) -> Q1 - Lowest | AR32: =IF( tblMergedCleaned[[#This Row],[Definitely_Recommend_Pct]]="", "", tblMergedCleaned[[#This Row],[Definitely_Recommend_Pct]]-TX_Median_Recommend ) -> -15 | AS32: =IF( tblMergedCleaned[[#This Row],[Readmission_Rate_Pct]]="", "", tblMergedCleaned[[#This Row],[Readmission_Rate_Pct]]-TX_Median_Readmission ) -> 0.5
A33: 450083 | B33: UT HEALTH EAST TEXAS TYLER REGIONAL HOSPITAL | C33: 1000 SOUTH BECKHAM AVE | D33: TYLER | E33: TX | F33: 75701 | G33: SMITH | H33: (903) 597-0351 | I33: Acute Care Hospitals | J33: Proprietary | K33: Yes | L33: 2 | M33: 2 | O33: 74 | P33: 74 | Q33: 54 | R33: 84 | S33: 65 | T33: 67 | U33: 968 | V33: 17 | W33: 45474 | X33: 45838 | Y33: 15.4 | Z33: No Different | AA33: 4047 | AB33: 14.5 | AC33: 16.3 | AE33: 45108 | AF33: 45473 | AG33: TRUE | AH33: TRUE | AI33: TRUE | AJ33: =IF(tblMergedCleaned[[#This Row],[Overall_Rating]]= "", "Unavailable", IF(tblMergedCleaned[[#This Row],[Overall_Rating]]<= 2, "Low (1-2)", IF(tblMergedCleaned[[#This Row],[Overall_Rating]]= 3, "Middle (3)", "High (4-5)" ) ) ) -> Low (1-2) | AK33: {=IF( tblMergedCleaned[[#This Row],[Overall_Rating]]="", "", --(tblMergedCleaned[[#This Row],[Overall_Rating]]<=2) )} -> 1 | AL33: =IF( tblMergedCleaned[[#This Row],[Definitely_Recommend_Pct]]="", "", --(tblMergedCleaned[[#This Row],[Definitely_Recommend_Pct]]<TX_Median_Recommend) ) -> 1 | AM33: =IF( tblMergedCleaned[[#This Row],[Readmission_Comparison]]="", "", --(tblMergedCleaned[[#This Row],[Readmission_Comparison]]="Worse") ) -> 0 | AN33: =COUNT( tblMergedCleaned[[#This Row],[Low_Rating_Flag]:[Worse_Readmission_Flag]] ) -> 3 | AO33: =SUM( tblMergedCleaned[[#This Row],[Low_Rating_Flag]:[Worse_Readmission_Flag]] ) -> 2 | AP33: =IF( tblMergedCleaned[[#This Row],[Signals_Available_Count]]<3, "Limited data", IF( tblMergedCleaned[[#This Row],[Screening_Signal_Count]]=3, "Priority 1", IF( tblMergedCleaned[[#This Row],[Screening_Signal_Count]]=2, "Priority 2", IF( tblMergedCleaned[[#This Row],[Screening_Signal_Count]]=1, "Monitor", "No flagged signals" ) ) ) ) -> Priority 2 | AQ33: =IF( tblMergedCleaned[[#This Row],[Definitely_Recommend_Pct]]="", "Unavailable", IF( tblMergedCleaned[[#This Row],[Definitely_Recommend_Pct]]<=TX_Recommend_Q1, "Q1 - Lowest", IF( tblMergedCleaned[[#This Row],[Definitely_Recommend_Pct]]<=TX_Median_Recommend, "Q2", IF( tblMergedCleaned[[#This Row],[Definitely_Recommend_Pct]]<=TX_Recommend_Q3, "Q3", "Q4 - Highest" ) ) ) ) -> Q2 | AR33: =IF( tblMergedCleaned[[#This Row],[Definitely_Recommend_Pct]]="", "", tblMergedCleaned[[#This Row],[Definitely_Recommend_Pct]]-TX_Median_Recommend ) -> -4 | AS33: =IF( tblMergedCleaned[[#This Row],[Readmission_Rate_Pct]]="", "", tblMergedCleaned[[#This Row],[Readmission_Rate_Pct]]-TX_Median_Readmission ) -> 0.5
A34: 450087 | B34: MEDICAL CITY NORTH HILLS | C34: 4401 BOOTH CALLOWAY ROAD | D34: NORTH RICHLAND HILLS | E34: TX | F34: 76180 | G34: TARRANT | H34: (817) 255-1000 | I34: Acute Care Hospitals | J34: Proprietary | K34: Yes | L34: 2 | M34: 2 | O34: 75 | P34: 71 | Q34: 58 | R34: 77 | S34: 68 | T34: 67 | U34: 487 | V34: 15 | W34: 45474 | X34: 45838 | Y34: 15.3 | Z34: No Different | AA34: 1041 | AB34: 14.1 | AC34: 16.8 | AE34: 45108 | AF34: 45473 | AG34: TRUE | AH34: TRUE | AI34: TRUE | AJ34: =IF(tblMergedCleaned[[#This Row],[Overall_Rating]]= "", "Unavailable", IF(tblMergedCleaned[[#This Row],[Overall_Rating]]<= 2, "Low (1-2)", IF(tblMergedCleaned[[#This Row],[Overall_Rating]]= 3, "Middle (3)", "High (4-5)" ) ) ) -> Low (1-2) | AK34: {=IF( tblMergedCleaned[[#This Row],[Overall_Rating]]="", "", --(tblMergedCleaned[[#This Row],[Overall_Rating]]<=2) )} -> 1 | AL34: =IF( tblMergedCleaned[[#This Row],[Definitely_Recommend_Pct]]="", "", --(tblMergedCleaned[[#This Row],[Definitely_Recommend_Pct]]<TX_Median_Recommend) ) -> 1 | AM34: =IF( tblMergedCleaned[[#This Row],[Readmission_Comparison]]="", "", --(tblMergedCleaned[[#This Row],[Readmission_Comparison]]="Worse") ) -> 0 | AN34: =COUNT( tblMergedCleaned[[#This Row],[Low_Rating_Flag]:[Worse_Readmission_Flag]] ) -> 3 | AO34: =SUM( tblMergedCleaned[[#This Row],[Low_Rating_Flag]:[Worse_Readmission_Flag]] ) -> 2 | AP34: =IF( tblMergedCleaned[[#This Row],[Signals_Available_Count]]<3, "Limited data", IF( tblMergedCleaned[[#This Row],[Screening_Signal_Count]]=3, "Priority 1", IF( tblMergedCleaned[[#This Row],[Screening_Signal_Count]]=2, "Priority 2", IF( tblMergedCleaned[[#This Row],[Screening_Signal_Count]]=1, "Monitor", "No flagged signals" ) ) ) ) -> Priority 2 | AQ34: =IF( tblMergedCleaned[[#This Row],[Definitely_Recommend_Pct]]="", "Unavailable", IF( tblMergedCleaned[[#This Row],[Definitely_Recommend_Pct]]<=TX_Recommend_Q1, "Q1 - Lowest", IF( tblMergedCleaned[[#This Row],[Definitely_Recommend_Pct]]<=TX_Median_Recommend, "Q2", IF( tblMergedCleaned[[#This Row],[Definitely_Recommend_Pct]]<=TX_Recommend_Q3, "Q3", "Q4 - Highest" ) ) ) ) -> Q2 | AR34: =IF( tblMergedCleaned[[#This Row],[Definitely_Recommend_Pct]]="", "", tblMergedCleaned[[#This Row],[Definitely_Recommend_Pct]]-TX_Median_Recommend ) -> -4 | AS34: =IF( tblMergedCleaned[[#This Row],[Readmission_Rate_Pct]]="", "", tblMergedCleaned[[#This Row],[Readmission_Rate_Pct]]-TX_Median_Readmission ) -> 0.4
A35: 450090 | B35: NORTH TEXAS MEDICAL CENTER | C35: 1900 HOSPITAL BLVD | D35: GAINESVILLE | E35: TX | F35: 76240 | G35: COOKE | H35: (940) 612-8600 | I35: Acute Care Hospitals | J35: Voluntary non-profit - Private | K35: Yes | L35: 4 | M35: 4 | O35: 83 | P35: 75 | Q35: 65 | R35: 88 | S35: 68 | T35: 69 | U35: 315 | V35: 28 | W35: 45474 | X35: 45838 | Y35: 14.9 | Z35: No Different | AA35: 412 | AB35: 13.3 | AC35: 16.5 | AE35: 45108 | AF35: 45473 | AG35: TRUE | AH35: TRUE | AI35: TRUE | AJ35: =IF(tblMergedCleaned[[#This Row],[Overall_Rating]]= "", "Unavailable", IF(tblMergedCleaned[[#This Row],[Overall_Rating]]<= 2, "Low (1-2)", IF(tblMergedCleaned[[#This Row],[Overall_Rating]]= 3, "Middle (3)", "High (4-5)" ) ) ) -> High (4-5) | AK35: {=IF( tblMergedCleaned[[#This Row],[Overall_Rating]]="", "", --(tblMergedCleaned[[#This Row],[Overall_Rating]]<=2) )} -> 0 | AL35: =IF( tblMergedCleaned[[#This Row],[Definitely_Recommend_Pct]]="", "", --(tblMergedCleaned[[#This Row],[Definitely_Recommend_Pct]]<TX_Median_Recommend) ) -> 1 | AM35: =IF( tblMergedCleaned[[#This Row],[Readmission_Comparison]]="", "", --(tblMergedCleaned[[#This Row],[Readmission_Comparison]]="Worse") ) -> 0 | AN35: =COUNT( tblMergedCleaned[[#This Row],[Low_Rating_Flag]:[Worse_Readmission_Flag]] ) -> 3 | AO35: =SUM( tblMergedCleaned[[#This Row],[Low_Rating_Flag]:[Worse_Readmission_Flag]] ) -> 1 | AP35: =IF( tblMergedCleaned[[#This Row],[Signals_Available_Count]]<3, "Limited data", IF( tblMergedCleaned[[#This Row],[Screening_Signal_Count]]=3, "Priority 1", IF( tblMergedCleaned[[#This Row],[Screening_Signal_Count]]=2, "Priority 2", IF( tblMergedCleaned[[#This Row],[Screening_Signal_Count]]=1, "Monitor", "No flagged signals" ) ) ) ) -> Monitor | AQ35: =IF( tblMergedCleaned[[#This Row],[Definitely_Recommend_Pct]]="", "Unavailable", IF( tblMergedCleaned[[#This Row],[Definitely_Recommend_Pct]]<=TX_Recommend_Q1, "Q1 - Lowest", IF( tblMergedCleaned[[#This Row],[Definitely_Recommend_Pct]]<=TX_Median_Recommend, "Q2", IF( tblMergedCleaned[[#This Row],[Definitely_Recommend_Pct]]<=TX_Recommend_Q3, "Q3", "Q4 - Highest" ) ) ) ) -> Q2 | AR35: =IF( tblMergedCleaned[[#This Row],[Definitely_Recommend_Pct]]="", "", tblMergedCleaned[[#This Row],[Definitely_Recommend_Pct]]-TX_Median_Recommend ) -> -2 | AS35: =IF( tblMergedCleaned[[#This Row],[Readmission_Rate_Pct]]="", "", tblMergedCleaned[[#This Row],[Readmission_Rate_Pct]]-TX_Median_Readmission ) -> 0
A36: 450092 | B36: FORT DUNCAN MEDICAL CENTER | C36: 3333 N FOSTER MALDONADO BLVD | D36: EAGLE PASS | E36: TX | F36: 78852 | G36: MAVERICK | H36: (830) 773-5321 | I36: Acute Care Hospitals | J36: Proprietary | K36: Yes | L36: 3 | M36: 3 | O36: 75 | P36: 78 | Q36: 59 | R36: 83 | S36: 61 | T36: 57 | U36: 150 | V36: 5 | W36: 45474 | X36: 45838 | Y36: 15 | Z36: No Different | AA36: 229 | AB36: 13.4 | AC36: 17 | AE36: 45108 | AF36: 45473 | AG36: TRUE | AH36: TRUE | AI36: TRUE | AJ36: =IF(tblMergedCleaned[[#This Row],[Overall_Rating]]= "", "Unavailable", IF(tblMergedCleaned[[#This Row],[Overall_Rating]]<= 2, "Low (1-2)", IF(tblMergedCleaned[[#This Row],[Overall_Rating]]= 3, "Middle (3)", "High (4-5)" ) ) ) -> Middle (3) | AK36: {=IF( tblMergedCleaned[[#This Row],[Overall_Rating]]="", "", --(tblMergedCleaned[[#This Row],[Overall_Rating]]<=2) )} -> 0 | AL36: =IF( tblMergedCleaned[[#This Row],[Definitely_Recommend_Pct]]="", "", --(tblMergedCleaned[[#This Row],[Definitely_Recommend_Pct]]<TX_Median_Recommend) ) -> 1 | AM36: =IF( tblMergedCleaned[[#This Row],[Readmission_Comparison]]="", "", --(tblMergedCleaned[[#This Row],[Readmission_Comparison]]="Worse") ) -> 0 | AN36: =COUNT( tblMergedCleaned[[#This Row],[Low_Rating_Flag]:[Worse_Readmission_Flag]] ) -> 3 | AO36: =SUM( tblMergedCleaned[[#This Row],[Low_Rating_Flag]:[Worse_Readmission_Flag]] ) -> 1 | AP36: =IF( tblMergedCleaned[[#This Row],[Signals_Available_Count]]<3, "Limited data", IF( tblMergedCleaned[[#This Row],[Screening_Signal_Count]]=3, "Priority 1", IF( tblMergedCleaned[[#This Row],[Screening_Signal_Count]]=2, "Priority 2", IF( tblMergedCleaned[[#This Row],[Screening_Signal_Count]]=1, "Monitor", "No flagged signals" ) ) ) ) -> Monitor | AQ36: =IF( tblMergedCleaned[[#This Row],[Definitely_Recommend_Pct]]="", "Unavailable", IF( tblMergedCleaned[[#This Row],[Definitely_Recommend_Pct]]<=TX_Recommend_Q1, "Q1 - Lowest", IF( tblMergedCleaned[[#This Row],[Definitely_Recommend_Pct]]<=TX_Median_Recommend, "Q2", IF( tblMergedCleaned[[#This Row],[Definitely_Recommend_Pct]]<=TX_Recommend_Q3, "Q3", "Q4 - Highest" ) ) ) ) -> Q1 - Lowest | AR36: =IF( tblMergedCleaned[[#This Row],[Definitely_Recommend_Pct]]="", "", tblMergedCleaned[[#This Row],[Definitely_Recommend_Pct]]-TX_Median_Recommend ) -> -14 | AS36: =IF( tblMergedCleaned[[#This Row],[Readmission_Rate_Pct]]="", "", tblMergedCleaned[[#This Row],[Readmission_Rate_Pct]]-TX_Median_Readmission ) -> 0.1
A37: 450097 | B37: HCA HOUSTON HEALTHCARE SOUTHEAST | C37: 4000 SPENCER HWY | D37: PASADENA | E37: TX | F37: 77504 | G37: HARRIS | H37: (713) 359-1000 | I37: Acute Care Hospitals | J37: Proprietary | K37: Yes | L37: 3 | M37: 3 | O37: 74 | P37: 72 | Q37: 54 | R37: 80 | S37: 66 | T37: 62 | U37: 676 | V37: 9 | W37: 45474 | X37: 45838 | Y37: 15.6 | Z37: No Different | AA37: 775 | AB37: 14.3 | AC37: 17.1 | AE37: 45108 | AF37: 45473 | AG37: TRUE | AH37: TRUE | AI37: TRUE | AJ37: =IF(tblMergedCleaned[[#This Row],[Overall_Rating]]= "", "Unavailable", IF(tblMergedCleaned[[#This Row],[Overall_Rating]]<= 2, "Low (1-2)", IF(tblMergedCleaned[[#This Row],[Overall_Rating]]= 3, "Middle (3)", "High (4-5)" ) ) ) -> Middle (3) | AK37: {=IF( tblMergedCleaned[[#This Row],[Overall_Rating]]="", "", --(tblMergedCleaned[[#This Row],[Overall_Rating]]<=2) )} -> 0 | AL37: =IF( tblMergedCleaned[[#This Row],[Definitely_Recommend_Pct]]="", "", --(tblMergedCleaned[[#This Row],[Definitely_Recommend_Pct]]<TX_Median_Recommend) ) -> 1 | AM37: =IF( tblMergedCleaned[[#This Row],[Readmission_Comparison]]="", "", --(tblMergedCleaned[[#This Row],[Readmission_Comparison]]="Worse") ) -> 0 | AN37: =COUNT( tblMergedCleaned[[#This Row],[Low_Rating_Flag]:[Worse_Readmission_Flag]] ) -> 3 | AO37: =SUM( tblMergedCleaned[[#This Row],[Low_Rating_Flag]:[Worse_Readmission_Flag]] ) -> 1 | AP37: =IF( tblMergedCleaned[[#This Row],[Signals_Available_Count]]<3, "Limited data", IF( tblMergedCleaned[[#This Row],[Screening_Signal_Count]]=3, "Priority 1", IF( tblMergedCleaned[[#This Row],[Screening_Signal_Count]]=2, "Priority 2", IF( tblMergedCleaned[[#This Row],[Screening_Signal_Count]]=1, "Monitor", "No flagged signals" ) ) ) ) -> Monitor | AQ37: =IF( tblMergedCleaned[[#This Row],[Definitely_Recommend_Pct]]="", "Unavailable", IF( tblMergedCleaned[[#This Row],[Definitely_Recommend_Pct]]<=TX_Recommend_Q1, "Q1 - Lowest", IF( tblMergedCleaned[[#This Row],[Definitely_Recommend_Pct]]<=TX_Median_Recommend, "Q2", IF( tblMergedCleaned[[#This Row],[Definitely_Recommend_Pct]]<=TX_Recommend_Q3, "Q3", "Q4 - Highest" ) ) ) ) -> Q1 - Lowest | AR37: =IF( tblMergedCleaned[[#This Row],[Definitely_Recommend_Pct]]="", "", tblMergedCleaned[[#This Row],[Definitely_Recommend_Pct]]-TX_Median_Recommend ) -> -9 | AS37: =IF( tblMergedCleaned[[#This Row],[Readmission_Rate_Pct]]="", "", tblMergedCleaned[[#This Row],[Readmission_Rate_Pct]]-TX_Median_Readmission ) -> 0.7
... A43: 450119 | B43: SOUTH TEXAS HEALTH SYSTEM | C43: 1102 W TRENTON ROAD | D43: EDINBURG | E43: TX | F43: 78539 | G43: HIDALGO | H43: (956) 632-4000 | I43: Acute Care Hospitals | J43: Proprietary | K43: Yes | L43: 4 | M43: 4 | O43: 75 | P43: 73 | Q43: 56 | R43: 82 | S43: 68 | T43: 68 | U43: 1465 | V43: 10 | W43: 45474 | X43: 45838 | Y43: 15.9 | Z43: No Different | AA43: 1524 | AB43: 14.8 | AC43: 17.2 | AE43: 45108 | AF43: 45473 | AG43: TRUE | AH43: TRUE | AI43: TRUE | AJ43: =IF(tblMergedCleaned[[#This Row],[Overall_Rating]]= "", "Unavailable", IF(tblMergedCleaned[[#This Row],[Overall_Rating]]<= 2, "Low (1-2)", IF(tblMergedCleaned[[#This Row],[Overall_Rating]]= 3, "Middle (3)", "High (4-5)" ) ) ) -> High (4-5) | AK43: {=IF( tblMergedCleaned[[#This Row],[Overall_Rating]]="", "", --(tblMergedCleaned[[#This Row],[Overall_Rating]]<=2) )} -> 0 | AL43: =IF( tblMergedCleaned[[#This Row],[Definitely_Recommend_Pct]]="", "", --(tblMergedCleaned[[#This Row],[Definitely_Recommend_Pct]]<TX_Median_Recommend) ) -> 1 | AM43: =IF( tblMergedCleaned[[#This Row],[Readmission_Comparison]]="", "", --(tblMergedCleaned[[#This Row],[Readmission_Comparison]]="Worse") ) -> 0 | AN43: =COUNT( tblMergedCleaned[[#This Row],[Low_Rating_Flag]:[Worse_Readmission_Flag]] ) -> 3 | AO43: =SUM( tblMergedCleaned[[#This Row],[Low_Rating_Flag]:[Worse_Readmission_Flag]] ) -> 1 | AP43: =IF( tblMergedCleaned[[#This Row],[Signals_Available_Count]]<3, "Limited data", IF( tblMergedCleaned[[#This Row],[Screening_Signal_Count]]=3, "Priority 1", IF( tblMergedCleaned[[#This Row],[Screening_Signal_Count]]=2, "Priority 2", IF( tblMergedCleaned[[#This Row],[Screening_Signal_Count]]=1, "Monitor", "No flagged signals" ) ) ) ) -> Monitor | AQ43: =IF( tblMergedCleaned[[#This Row],[Definitely_Recommend_Pct]]="", "Unavailable", IF( tblMergedCleaned[[#This Row],[Definitely_Recommend_Pct]]<=TX_Recommend_Q1, "Q1 - Lowest", IF( tblMergedCleaned[[#This Row],[Definitely_Recommend_Pct]]<=TX_Median_Recommend, "Q2", IF( tblMergedCleaned[[#This Row],[Definitely_Recommend_Pct]]<=TX_Recommend_Q3, "Q3", "Q4 - Highest" ) ) ) ) -> Q2 | AR43: =IF( tblMergedCleaned[[#This Row],[Definitely_Recommend_Pct]]="", "", tblMergedCleaned[[#This Row],[Definitely_Recommend_Pct]]-TX_Median_Recommend ) -> -3 | AS43: =IF( tblMergedCleaned[[#This Row],[Readmission_Rate_Pct]]="", "", tblMergedCleaned[[#This Row],[Readmission_Rate_Pct]]-TX_Median_Readmission ) -> 1
A44: 450124 | B44: DELL SETON MED CENTER AT THE UNIVERSITY OF TX | C44: 601 E 15TH STREET | D44: AUSTIN | E44: TX | F44: 78701 | G44: TRAVIS | H44: (512) 324-7000 | I44: Acute Care Hospitals | J44: Voluntary non-profit - Private | K44: No | L44: 4 | M44: 4 | N44: 29 | O44: 82 | P44: 82 | Q44: 65 | R44: 84 | S44: 79 | T44: 79 | U44: 316 | V44: 9 | W44: 45474 | X44: 45838 | Y44: 14.9 | Z44: No Different | AA44: 464 | AB44: 13.5 | AC44: 16.3 | AD44: 29 | AE44: 45108 | AF44: 45473 | AG44: TRUE | AH44: TRUE | AI44: TRUE | AJ44: =IF(tblMergedCleaned[[#This Row],[Overall_Rating]]= "", "Unavailable", IF(tblMergedCleaned[[#This Row],[Overall_Rating]]<= 2, "Low (1-2)", IF(tblMergedCleaned[[#This Row],[Overall_Rating]]= 3, "Middle (3)", "High (4-5)" ) ) ) -> High (4-5) | AK44: {=IF( tblMergedCleaned[[#This Row],[Overall_Rating]]="", "", --(tblMergedCleaned[[#This Row],[Overall_Rating]]<=2) )} -> 0 | AL44: =IF( tblMergedCleaned[[#This Row],[Definitely_Recommend_Pct]]="", "", --(tblMergedCleaned[[#This Row],[Definitely_Recommend_Pct]]<TX_Median_Recommend) ) -> 0 | AM44: =IF( tblMergedCleaned[[#This Row],[Readmission_Comparison]]="", "", --(tblMergedCleaned[[#This Row],[Readmission_Comparison]]="Worse") ) -> 0 | AN44: =COUNT( tblMergedCleaned[[#This Row],[Low_Rating_Flag]:[Worse_Readmission_Flag]] ) -> 3 | AO44: =SUM( tblMergedCleaned[[#This Row],[Low_Rating_Flag]:[Worse_Readmission_Flag]] ) -> 0 | AP44: =IF( tblMergedCleaned[[#This Row],[Signals_Available_Count]]<3, "Limited data", IF( tblMergedCleaned[[#This Row],[Screening_Signal_Count]]=3, "Priority 1", IF( tblMergedCleaned[[#This Row],[Screening_Signal_Count]]=2, "Priority 2", IF( tblMergedCleaned[[#This Row],[Screening_Signal_Count]]=1, "Monitor", "No flagged signals" ) ) ) ) -> No flagged signals | AQ44: =IF( tblMergedCleaned[[#This Row],[Definitely_Recommend_Pct]]="", "Unavailable", IF( tblMergedCleaned[[#This Row],[Definitely_Recommend_Pct]]<=TX_Recommend_Q1, "Q1 - Lowest", IF( tblMergedCleaned[[#This Row],[Definitely_Recommend_Pct]]<=TX_Median_Recommend, "Q2", IF( tblMergedCleaned[[#This Row],[Definitely_Recommend_Pct]]<=TX_Recommend_Q3, "Q3", "Q4 - Highest" ) ) ) ) -> Q3 | AR44: =IF( tblMergedCleaned[[#This Row],[Definitely_Recommend_Pct]]="", "", tblMergedCleaned[[#This Row],[Definitely_Recommend_Pct]]-TX_Median_Recommend ) -> 8 | AS44: =IF( tblMergedCleaned[[#This Row],[Readmission_Rate_Pct]]="", "", tblMergedCleaned[[#This Row],[Readmission_Rate_Pct]]-TX_Median_Readmission ) -> 0
A45: 450128 | B45: KNAPP MEDICAL CENTER | C45: 1401 EAST EIGHT STREET | D45: WESLACO | E45: TX | F45: 78596 | G45: HIDALGO | H45: (956) 968-8567 | I45: Acute Care Hospitals | J45: Voluntary non-profit - Private | K45: Yes | L45: 5 | M45: 5 | O45: 73 | P45: 76 | Q45: 56 | R45: 84 | S45: 66 | T45: 63 | U45: 409 | V45: 30 | W45: 45474 | X45: 45838 | Y45: 14.4 | Z45: No Different | AA45: 468 | AB45: 12.9 | AC45: 15.9 | AE45: 45108 | AF45: 45473 | AG45: TRUE | AH45: TRUE | AI45: TRUE | AJ45: =IF(tblMergedCleaned[[#This Row],[Overall_Rating]]= "", "Unavailable", IF(tblMergedCleaned[[#This Row],[Overall_Rating]]<= 2, "Low (1-2)", IF(tblMergedCleaned[[#This Row],[Overall_Rating]]= 3, "Middle (3)", "High (4-5)" ) ) ) -> High (4-5) | AK45: {=IF( tblMergedCleaned[[#This Row],[Overall_Rating]]="", "", --(tblMergedCleaned[[#This Row],[Overall_Rating]]<=2) )} -> 0 | AL45: =IF( tblMergedCleaned[[#This Row],[Definitely_Recommend_Pct]]="", "", --(tblMergedCleaned[[#This Row],[Definitely_Recommend_Pct]]<TX_Median_Recommend) ) -> 1 | AM45: =IF( tblMergedCleaned[[#This Row],[Readmission_Comparison]]="", "", --(tblMergedCleaned[[#This Row],[Readmission_Comparison]]="Worse") ) -> 0 | AN45: =COUNT( tblMergedCleaned[[#This Row],[Low_Rating_Flag]:[Worse_Readmission_Flag]] ) -> 3 | AO45: =SUM( tblMergedCleaned[[#This Row],[Low_Rating_Flag]:[Worse_Readmission_Flag]] ) -> 1 | AP45: =IF( tblMergedCleaned[[#This Row],[Signals_Available_Count]]<3, "Limited data", IF( tblMergedCleaned[[#This Row],[Screening_Signal_Count]]=3, "Priority 1", IF( tblMergedCleaned[[#This Row],[Screening_Signal_Count]]=2, "Priority 2", IF( tblMergedCleaned[[#This Row],[Screening_Signal_Count]]=1, "Monitor", "No flagged signals" ) ) ) ) -> Monitor | AQ45: =IF( tblMergedCleaned[[#This Row],[Definitely_Recommend_Pct]]="", "Unavailable", IF( tblMergedCleaned[[#This Row],[Definitely_Recommend_Pct]]<=TX_Recommend_Q1, "Q1 - Lowest", IF( tblMergedCleaned[[#This Row],[Definitely_Recommend_Pct]]<=TX_Median_Recommend, "Q2", IF( tblMergedCleaned[[#This Row],[Definitely_Recommend_Pct]]<=TX_Recommend_Q3, "Q3", "Q4 - Highest" ) ) ) ) -> Q1 - Lowest | AR45: =IF( tblMergedCleaned[[#This Row],[Definitely_Recommend_Pct]]="", "", tblMergedCleaned[[#This Row],[Definitely_Recommend_Pct]]-TX_Median_Recommend ) -> -8 | AS45: =IF( tblMergedCleaned[[#This Row],[Readmission_Rate_Pct]]="", "", tblMergedCleaned[[#This Row],[Readmission_Rate_Pct]]-TX_Median_Readmission ) -> -0.5
A46: 450132 | B46: MEDICAL CENTER HOSPITAL | C46: 500 W 4TH STREET | D46: ODESSA | E46: TX | F46: 79761 | G46: ECTOR | H46: (432) 640-4000 | I46: Acute Care Hospitals | J46: Government - Hospital District or Authority | K46: Yes | L46: 3 | M46: 3 | O46: 78 | P46: 76 | Q46: 61 | R46: 84 | S46: 69 | T46: 71 | U46: 2232 | V46: 23 | W46: 45474 | X46: 45838 | Y46: 15 | Z46: No Different | AA46: 1808 | AB46: 13.9 | AC46: 16.1 | AE46: 45108 | AF46: 45473 | AG46: TRUE | AH46: TRUE | AI46: TRUE | AJ46: =IF(tblMergedCleaned[[#This Row],[Overall_Rating]]= "", "Unavailable", IF(tblMergedCleaned[[#This Row],[Overall_Rating]]<= 2, "Low (1-2)", IF(tblMergedCleaned[[#This Row],[Overall_Rating]]= 3, "Middle (3)", "High (4-5)" ) ) ) -> Middle (3) | AK46: {=IF( tblMergedCleaned[[#This Row],[Overall_Rating]]="", "", --(tblMergedCleaned[[#This Row],[Overall_Rating]]<=2) )} -> 0 | AL46: =IF( tblMergedCleaned[[#This Row],[Definitely_Recommend_Pct]]="", "", --(tblMergedCleaned[[#This Row],[Definitely_Recommend_Pct]]<TX_Median_Recommend) ) -> 0 | AM46: =IF( tblMergedCleaned[[#This Row],[Readmission_Comparison]]="", "", --(tblMergedCleaned[[#This Row],[Readmission_Comparison]]="Worse") ) -> 0 | AN46: =COUNT( tblMergedCleaned[[#This Row],[Low_Rating_Flag]:[Worse_Readmission_Flag]] ) -> 3 | AO46: =SUM( tblMergedCleaned[[#This Row],[Low_Rating_Flag]:[Worse_Readmission_Flag]] ) -> 0 | AP46: =IF( tblMergedCleaned[[#This Row],[Signals_Available_Count]]<3, "Limited data", IF( tblMergedCleaned[[#This Row],[Screening_Signal_Count]]=3, "Priority 1", IF( tblMergedCleaned[[#This Row],[Screening_Signal_Count]]=2, "Priority 2", IF( tblMergedCleaned[[#This Row],[Screening_Signal_Count]]=1, "Monitor", "No flagged signals" ) ) ) ) -> No flagged signals | AQ46: =IF( tblMergedCleaned[[#This Row],[Definitely_Recommend_Pct]]="", "Unavailable", IF( tblMergedCleaned[[#This Row],[Definitely_Recommend_Pct]]<=TX_Recommend_Q1, "Q1 - Lowest", IF( tblMergedCleaned[[#This Row],[Definitely_Recommend_Pct]]<=TX_Median_Recommend, "Q2", IF( tblMergedCleaned[[#This Row],[Definitely_Recommend_Pct]]<=TX_Recommend_Q3, "Q3", "Q4 - Highest" ) ) ) ) -> Q2 | AR46: =IF( tblMergedCleaned[[#This Row],[Definitely_Recommend_Pct]]="", "", tblMergedCleaned[[#This Row],[Definitely_Recommend_Pct]]-TX_Median_Recommend ) -> 0 | AS46: =IF( tblMergedCleaned[[#This Row],[Readmission_Rate_Pct]]="", "", tblMergedCleaned[[#This Row],[Readmission_Rate_Pct]]-TX_Median_Readmission ) -> 0.1
A47: 450133 | B47: MIDLAND MEMORIAL HOSPITAL | C47: 400 ROSALIND REDFERN GROVER PARKWAY | D47: MIDLAND | E47: TX | F47: 79701 | G47: MIDLAND | H47: (432) 685-1111 | I47: Acute Care Hospitals | J47: Government - Hospital District or Authority | K47: Yes | L47: 1 | M47: 1 | O47: 73 | P47: 74 | Q47: 57 | R47: 86 | S47: 63 | T47: 66 | U47: 790 | V47: 23 | W47: 45474 | X47: 45838 | Y47: 14.9 | Z47: No Different | AA47: 1564 | AB47: 13.7 | AC47: 16 | AE47: 45108 | AF47: 45473 | AG47: TRUE | AH47: TRUE | AI47: TRUE | AJ47: =IF(tblMergedCleaned[[#This Row],[Overall_Rating]]= "", "Unavailable", IF(tblMergedCleaned[[#This Row],[Overall_Rating]]<= 2, "Low (1-2)", IF(tblMergedCleaned[[#This Row],[Overall_Rating]]= 3, "Middle (3)", "High (4-5)" ) ) ) -> Low (1-2) | AK47: {=IF( tblMergedCleaned[[#This Row],[Overall_Rating]]="", "", --(tblMergedCleaned[[#This Row],[Overall_Rating]]<=2) )} -> 1 | AL47: =IF( tblMergedCleaned[[#This Row],[Definitely_Recommend_Pct]]="", "", --(tblMergedCleaned[[#This Row],[Definitely_Recommend_Pct]]<TX_Median_Recommend) ) -> 1 | AM47: =IF( tblMergedCleaned[[#This Row],[Readmission_Comparison]]="", "", --(tblMergedCleaned[[#This Row],[Readmission_Comparison]]="Worse") ) -> 0 | AN47: =COUNT( tblMergedCleaned[[#This Row],[Low_Rating_Flag]:[Worse_Readmission_Flag]] ) -> 3 | AO47: =SUM( tblMergedCleaned[[#This Row],[Low_Rating_Flag]:[Worse_Readmission_Flag]] ) -> 2 | AP47: =IF( tblMergedCleaned[[#This Row],[Signals_Available_Count]]<3, "Limited data", IF( tblMergedCleaned[[#This Row],[Screening_Signal_Count]]=3, "Priority 1", IF( tblMergedCleaned[[#This Row],[Screening_Signal_Count]]=2, "Priority 2", IF( tblMergedCleaned[[#This Row],[Screening_Signal_Count]]=1, "Monitor", "No flagged signals" ) ) ) ) -> Priority 2 | AQ47: =IF( tblMergedCleaned[[#This Row],[Definitely_Recommend_Pct]]="", "Unavailable", IF( tblMergedCleaned[[#This Row],[Definitely_Recommend_Pct]]<=TX_Recommend_Q1, "Q1 - Lowest", IF( tblMergedCleaned[[#This Row],[Definitely_Recommend_Pct]]<=TX_Median_Recommend, "Q2", IF( tblMergedCleaned[[#This Row],[Definitely_Recommend_Pct]]<=TX_Recommend_Q3, "Q3", "Q4 - Highest" ) ) ) ) -> Q1 - Lowest | AR47: =IF( tblMergedCleaned[[#This Row],[Definitely_Recommend_Pct]]="", "", tblMergedCleaned[[#This Row],[Definitely_Recommend_Pct]]-TX_Median_Recommend ) -> -5 | AS47: =IF( tblMergedCleaned[[#This Row],[Readmission_Rate_Pct]]="", "", tblMergedCleaned[[#This Row],[Readmission_Rate_Pct]]-TX_Median_Readmission ) -> 0
A48: 450135 | B48: TEXAS HEALTH HARRIS METHODIST FORT WORTH | C48: 1301 PENNSYLVANIA AVENUE | D48: FORT WORTH | E48: TX | F48: 76104 | G48: TARRANT | H48: (817) 250-2100 | I48: Acute Care Hospitals | J48: Voluntary non-profit - Private | K48: Yes | L48: 4 | M48: 4 | O48: 78 | P48: 76 | Q48: 59 | R48: 88 | S48: 74 | T48: 76 | U48: 3549 | V48: 16 | W48: 45474 | X48: 45838 | Y48: 14.4 | Z48: No Different | AA48: 5590 | AB48: 13.7 | AC48: 15.2 | AE48: 45108 | AF48: 45473 | AG48: TRUE | AH48: TRUE | AI48: TRUE | AJ48: =IF(tblMergedCleaned[[#This Row],[Overall_Rating]]= "", "Unavailable", IF(tblMergedCleaned[[#This Row],[Overall_Rating]]<= 2, "Low (1-2)", IF(tblMergedCleaned[[#This Row],[Overall_Rating]]= 3, "Middle (3)", "High (4-5)" ) ) ) -> High (4-5) | AK48: {=IF( tblMergedCleaned[[#This Row],[Overall_Rating]]="", "", --(tblMergedCleaned[[#This Row],[Overall_Rating]]<=2) )} -> 0 | AL48: =IF( tblMergedCleaned[[#This Row],[Definitely_Recommend_Pct]]="", "", --(tblMergedCleaned[[#This Row],[Definitely_Recommend_Pct]]<TX_Median_Recommend) ) -> 0 | AM48: =IF( tblMergedCleaned[[#This Row],[Readmission_Comparison]]="", "", --(tblMergedCleaned[[#This Row],[Readmission_Comparison]]="Worse") ) -> 0 | AN48: =COUNT( tblMergedCleaned[[#This Row],[Low_Rating_Flag]:[Worse_Readmission_Flag]] ) -> 3 | AO48: =SUM( tblMergedCleaned[[#This Row],[Low_Rating_Flag]:[Worse_Readmission_Flag]] ) -> 0 | AP48: =IF( tblMergedCleaned[[#This Row],[Signals_Available_Count]]<3, "Limited data", IF( tblMergedCleaned[[#This Row],[Screening_Signal_Count]]=3, "Priority 1", IF( tblMergedCleaned[[#This Row],[Screening_Signal_Count]]=2, "Priority 2", IF( tblMergedCleaned[[#This Row],[Screening_Signal_Count]]=1, "Monitor", "No flagged signals" ) ) ) ) -> No flagged signals | AQ48: =IF( tblMergedCleaned[[#This Row],[Definitely_Recommend_Pct]]="", "Unavailable", IF( tblMergedCleaned[[#This Row],[Definitely_Recommend_Pct]]<=TX_Recommend_Q1, "Q1 - Lowest", IF( tblMergedCleaned[[#This Row],[Definitely_Recommend_Pct]]<=TX_Median_Recommend, "Q2", IF( tblMergedCleaned[[#This Row],[Definitely_Recommend_Pct]]<=TX_Recommend_Q3, "Q3", "Q4 - Highest" ) ) ) ) -> Q3 | AR48: =IF( tblMergedCleaned[[#This Row],[Definitely_Recommend_Pct]]="", "", tblMergedCleaned[[#This Row],[Definitely_Recommend_Pct]]-TX_Median_Recommend ) -> 5 | AS48: =IF( tblMergedCleaned[[#This Row],[Readmission_Rate_Pct]]="", "", tblMergedCleaned[[#This Row],[Readmission_Rate_Pct]]-TX_Median_Readmission ) -> -0.5
A49: 450137 | B49: BAYLOR SCOTT AND WHITE ALL SAINTS MEDICAL CENTER | C49: 1400 EIGHTH AVE | D49: FORT WORTH | E49: TX | F49: 76104 | G49: TARRANT | H49: (817) 926-2544 | I49: Acute Care Hospitals | J49: Voluntary non-profit - Private | K49: No | L49: 4 | M49: 4 | O49: 79 | P49: 78 | Q49: 62 | R49: 87 | S49: 72 | T49: 73 | U49: 1144 | V49: 11 | W49: 45474 | X49: 45838 | Y49: 15.8 | Z49: No Different | AA49: 2563 | AB49: 14.9 | AC49: 16.8 | AE49: 45108 | AF49: 45473 | AG49: TRUE | AH49: TRUE | AI49: TRUE | AJ49: =IF(tblMergedCleaned[[#This Row],[Overall_Rating]]= "", "Unavailable", IF(tblMergedCleaned[[#This Row],[Overall_Rating]]<= 2, "Low (1-2)", IF(tblMergedCleaned[[#This Row],[Overall_Rating]]= 3, "Middle (3)", "High (4-5)" ) ) ) -> High (4-5) | AK49: {=IF( tblMergedCleaned[[#This Row],[Overall_Rating]]="", "", --(tblMergedCleaned[[#This Row],[Overall_Rating]]<=2) )} -> 0 | AL49: =IF( tblMergedCleaned[[#This Row],[Definitely_Recommend_Pct]]="", "", --(tblMergedCleaned[[#This Row],[Definitely_Recommend_Pct]]<TX_Median_Recommend) ) -> 0 | AM49: =IF( tblMergedCleaned[[#This Row],[Readmission_Comparison]]="", "", --(tblMergedCleaned[[#This Row],[Readmission_Comparison]]="Worse") ) -> 0 | AN49: =COUNT( tblMergedCleaned[[#This Row],[Low_Rating_Flag]:[Worse_Readmission_Flag]] ) -> 3 | AO49: =SUM( tblMergedCleaned[[#This Row],[Low_Rating_Flag]:[Worse_Readmission_Flag]] ) -> 0 | AP49: =IF( tblMergedCleaned[[#This Row],[Signals_Available_Count]]<3, "Limited data", IF( tblMergedCleaned[[#This Row],[Screening_Signal_Count]]=3, "Priority 1", IF( tblMergedCleaned[[#This Row],[Screening_Signal_Count]]=2, "Priority 2", IF( tblMergedCleaned[[#This Row],[Screening_Signal_Count]]=1, "Monitor", "No flagged signals" ) ) ) ) -> No flagged signals | AQ49: =IF( tblMergedCleaned[[#This Row],[Definitely_Recommend_Pct]]="", "Unavailable", IF( tblMergedCleaned[[#This Row],[Definitely_Recommend_Pct]]<=TX_Recommend_Q1, "Q1 - Lowest", IF( tblMergedCleaned[[#This Row],[Definitely_Recommend_Pct]]<=TX_Median_Recommend, "Q2", IF( tblMergedCleaned[[#This Row],[Definitely_Recommend_Pct]]<=TX_Recommend_Q3, "Q3", "Q4 - Highest" ) ) ) ) -> Q3 | AR49: =IF( tblMergedCleaned[[#This Row],[Definitely_Recommend_Pct]]="", "", tblMergedCleaned[[#This Row],[Definitely_Recommend_Pct]]-TX_Median_Recommend ) -> 2 | AS49: =IF( tblMergedCleaned[[#This Row],[Readmission_Rate_Pct]]="", "", tblMergedCleaned[[#This Row],[Readmission_Rate_Pct]]-TX_Median_Readmission ) -> 0.9
A50: 450144 | B50: PERMIAN REGIONAL MEDICAL CENTER ANDREWS COUNTY HO | C50: 720 HOSPITAL DRIVE | D50: ANDREWS | E50: TX | F50: 79714 | G50: ANDREWS | H50: (432) 523-2200 | I50: Acute Care Hospitals | J50: Government - Hospital District or Authority | K50: Yes | M50: Not Available | N50: 16 | O50: 85 | P50: 83 | Q50: 67 | R50: 91 | S50: 88 | T50: 84 | U50: 93 | V50: 23 | W50: 45474 | X50: 45838 | Y50: 15 | Z50: No Different | AA50: 32 | AB50: 13.2 | AC50: 17.1 | AE50: 45108 | AF50: 45473 | AG50: FALSE | AH50: TRUE | AI50: TRUE | AJ50: =IF(tblMergedCleaned[[#This Row],[Overall_Rating]]= "", "Unavailable", IF(tblMergedCleaned[[#This Row],[Overall_Rating]]<= 2, "Low (1-2)", IF(tblMergedCleaned[[#This Row],[Overall_Rating]]= 3, "Middle (3)", "High (4-5)" ) ) ) -> Unavailable | AK50: {=IF( tblMergedCleaned[[#This Row],[Overall_Rating]]="", "", --(tblMergedCleaned[[#This Row],[Overall_Rating]]<=2) )} | AL50: =IF( tblMergedCleaned[[#This Row],[Definitely_Recommend_Pct]]="", "", --(tblMergedCleaned[[#This Row],[Definitely_Recommend_Pct]]<TX_Median_Recommend) ) -> 0 | AM50: =IF( tblMergedCleaned[[#This Row],[Readmission_Comparison]]="", "", --(tblMergedCleaned[[#This Row],[Readmission_Comparison]]="Worse") ) -> 0 | AN50: =COUNT( tblMergedCleaned[[#This Row],[Low_Rating_Flag]:[Worse_Readmission_Flag]] ) -> 2 | AO50: =SUM( tblMergedCleaned[[#This Row],[Low_Rating_Flag]:[Worse_Readmission_Flag]] ) -> 0 | AP50: =IF( tblMergedCleaned[[#This Row],[Signals_Available_Count]]<3, "Limited data", IF( tblMergedCleaned[[#This Row],[Screening_Signal_Count]]=3, "Priority 1", IF( tblMergedCleaned[[#This Row],[Screening_Signal_Count]]=2, "Priority 2", IF( tblMergedCleaned[[#This Row],[Screening_Signal_Count]]=1, "Monitor", "No flagged signals" ) ) ) ) -> Limited data | AQ50: =IF( tblMergedCleaned[[#This Row],[Definitely_Recommend_Pct]]="", "Unavailable", IF( tblMergedCleaned[[#This Row],[Definitely_Recommend_Pct]]<=TX_Recommend_Q1, "Q1 - Lowest", IF( tblMergedCleaned[[#This Row],[Definitely_Recommend_Pct]]<=TX_Median_Recommend, "Q2", IF( tblMergedCleaned[[#This Row],[Definitely_Recommend_Pct]]<=TX_Recommend_Q3, "Q3", "Q4 - Highest" ) ) ) ) -> Q4 - Highest | AR50: =IF( tblMergedCleaned[[#This Row],[Definitely_Recommend_Pct]]="", "", tblMergedCleaned[[#This Row],[Definitely_Recommend_Pct]]-TX_Median_Recommend ) -> 13 | AS50: =IF( tblMergedCleaned[[#This Row],[Readmission_Rate_Pct]]="", "", tblMergedCleaned[[#This Row],[Readmission_Rate_Pct]]-TX_Median_Readmission ) -> 0.1
A51: 450147 | B51: DE TAR HOSPITAL NAVARRO | C51: 506 E SAN ANTONIO ST | D51: VICTORIA | E51: TX | F51: 77901 | G51: VICTORIA | H51: (361) 575-7441 | I51: Acute Care Hospitals | J51: Proprietary | K51: Yes | L51: 2 | M51: 2 | O51: 74 | P51: 75 | Q51: 60 | R51: 85 | S51: 64 | T51: 65 | U51: 490 | V51: 16 | W51: 45474 | X51: 45838 | Y51: 14.5 | Z51: No Different | AA51: 1178 | AB51: 13.3 | AC51: 15.8 | AE51: 45108 | AF51: 45473 | AG51: TRUE | AH51: TRUE | AI51: TRUE | AJ51: =IF(tblMergedCleaned[[#This Row],[Overall_Rating]]= "", "Unavailable", IF(tblMergedCleaned[[#This Row],[Overall_Rating]]<= 2, "Low (1-2)", IF(tblMergedCleaned[[#This Row],[Overall_Rating]]= 3, "Middle (3)", "High (4-5)" ) ) ) -> Low (1-2) | AK51: {=IF( tblMergedCleaned[[#This Row],[Overall_Rating]]="", "", --(tblMergedCleaned[[#This Row],[Overall_Rating]]<=2) )} -> 1 | AL51: =IF( tblMergedCleaned[[#This Row],[Definitely_Recommend_Pct]]="", "", --(tblMergedCleaned[[#This Row],[Definitely_Recommend_Pct]]<TX_Median_Recommend) ) -> 1 | AM51: =IF( tblMergedCleaned[[#This Row],[Readmission_Comparison]]="", "", --(tblMergedCleaned[[#This Row],[Readmission_Comparison]]="Worse") ) -> 0 | AN51: =COUNT( tblMergedCleaned[[#This Row],[Low_Rating_Flag]:[Worse_Readmission_Flag]] ) -> 3 | AO51: =SUM( tblMergedCleaned[[#This Row],[Low_Rating_Flag]:[Worse_Readmission_Flag]] ) -> 2 | AP51: =IF( tblMergedCleaned[[#This Row],[Signals_Available_Count]]<3, "Limited data", IF( tblMergedCleaned[[#This Row],[Screening_Signal_Count]]=3, "Priority 1", IF( tblMergedCleaned[[#This Row],[Screening_Signal_Count]]=2, "Priority 2", IF( tblMergedCleaned[[#This Row],[Screening_Signal_Count]]=1, "Monitor", "No flagged signals" ) ) ) ) -> Priority 2 | AQ51: =IF( tblMergedCleaned[[#This Row],[Definitely_Recommend_Pct]]="", "Unavailable", IF( tblMergedCleaned[[#This Row],[Definitely_Recommend_Pct]]<=TX_Recommend_Q1, "Q1 - Lowest", IF( tblMergedCleaned[[#This Row],[Definitely_Recommend_Pct]]<=TX_Median_Recommend, "Q2", IF( tblMergedCleaned[[#This Row],[Definitely_Recommend_Pct]]<=TX_Recommend_Q3, "Q3", "Q4 - Highest" ) ) ) ) -> Q1 - Lowest | AR51: =IF( tblMergedCleaned[[#This Row],[Definitely_Recommend_Pct]]="", "", tblMergedCleaned[[#This Row],[Definitely_Recommend_Pct]]-TX_Median_Recommend ) -> -6 | AS51: =IF( tblMergedCleaned[[#This Row],[Readmission_Rate_Pct]]="", "", tblMergedCleaned[[#This Row],[Readmission_Rate_Pct]]-TX_Median_Readmission ) -> -0.4
A52: 450148 | B52: TEXAS HEALTH HARRIS METHODIST HOSPITAL CLEBURNE | C52: 201 WALLS DRIVE | D52: CLEBURNE | E52: TX | F52: 76031 | G52: JOHNSON | H52: (817) 641-2251 | I52: Acute Care Hospitals | J52: Voluntary non-profit - Private | K52: Yes | L52: 5 | M52: 5 | O52: 82 | P52: 78 | Q52: 61 | R52: 90 | S52: 74 | T52: 72 | U52: 347 | V52: 18 | W52: 45474 | X52: 45838 | Y52: 14.5 | Z52: No Different | AA52: 361 | AB52: 12.9 | AC52: 16.2 | AE52: 45108 | AF52: 45473 | AG52: TRUE | AH52: TRUE | AI52: TRUE | AJ52: =IF(tblMergedCleaned[[#This Row],[Overall_Rating]]= "", "Unavailable", IF(tblMergedCleaned[[#This Row],[Overall_Rating]]<= 2, "Low (1-2)", IF(tblMergedCleaned[[#This Row],[Overall_Rating]]= 3, "Middle (3)", "High (4-5)" ) ) ) -> High (4-5) | AK52: {=IF( tblMergedCleaned[[#This Row],[Overall_Rating]]="", "", --(tblMergedCleaned[[#This Row],[Overall_Rating]]<=2) )} -> 0 | AL52: =IF( tblMergedCleaned[[#This Row],[Definitely_Recommend_Pct]]="", "", --(tblMergedCleaned[[#This Row],[Definitely_Recommend_Pct]]<TX_Median_Recommend) ) -> 0 | AM52: =IF( tblMergedCleaned[[#This Row],[Readmission_Comparison]]="", "", --(tblMergedCleaned[[#This Row],[Readmission_Comparison]]="Worse") ) -> 0 | AN52: =COUNT( tblMergedCleaned[[#This Row],[Low_Rating_Flag]:[Worse_Readmission_Flag]] ) -> 3 | AO52: =SUM( tblMergedCleaned[[#This Row],[Low_Rating_Flag]:[Worse_Readmission_Flag]] ) -> 0 | AP52: =IF( tblMergedCleaned[[#This Row],[Signals_Available_Count]]<3, "Limited data", IF( tblMergedCleaned[[#This Row],[Screening_Signal_Count]]=3, "Priority 1", IF( tblMergedCleaned[[#This Row],[Screening_Signal_Count]]=2, "Priority 2", IF( tblMergedCleaned[[#This Row],[Screening_Signal_Count]]=1, "Monitor", "No flagged signals" ) ) ) ) -> No flagged signals | AQ52: =IF( tblMergedCleaned[[#This Row],[Definitely_Recommend_Pct]]="", "Unavailable", IF( tblMergedCleaned[[#This Row],[Definitely_Recommend_Pct]]<=TX_Recommend_Q1, "Q1 - Lowest", IF( tblMergedCleaned[[#This Row],[Definitely_Recommend_Pct]]<=TX_Median_Recommend, "Q2", IF( tblMergedCleaned[[#This Row],[Definitely_Recommend_Pct]]<=TX_Recommend_Q3, "Q3", "Q4 - Highest" ) ) ) ) -> Q3 | AR52: =IF( tblMergedCleaned[[#This Row],[Definitely_Recommend_Pct]]="", "", tblMergedCleaned[[#This Row],[Definitely_Recommend_Pct]]-TX_Median_Recommend ) -> 1 | AS52: =IF( tblMergedCleaned[[#This Row],[Readmission_Rate_Pct]]="", "", tblMergedCleaned[[#This Row],[Readmission_Rate_Pct]]-TX_Median_Readmission ) -> -0.4
A53: 450152 | B53: ADVENTHEALTH CENTRAL TEXAS | C53: 2201 S CLEAR CREEK ROAD | D53: KILLEEN | E53: TX | F53: 76542 | G53: BELL | H53: (254) 526-7523 | I53: Acute Care Hospitals | J53: Voluntary non-profit - Church | K53: Yes | L53: 3 | M53: 3 | O53: 82 | P53: 82 | Q53: 66 | R53: 89 | S53: 78 | T53: 68 | U53: 500 | V53: 10 | W53: 45474 | X53: 45838 | Y53: 15.9 | Z53: No Different | AA53: 970 | AB53: 14.7 | AC53: 17.4 | AE53: 45108 | AF53: 45473 | AG53: TRUE | AH53: TRUE | AI53: TRUE | AJ53: =IF(tblMergedCleaned[[#This Row],[Overall_Rating]]= "", "Unavailable", IF(tblMergedCleaned[[#This Row],[Overall_Rating]]<= 2, "Low (1-2)", IF(tblMergedCleaned[[#This Row],[Overall_Rating]]= 3, "Middle (3)", "High (4-5)" ) ) ) -> Middle (3) | AK53: {=IF( tblMergedCleaned[[#This Row],[Overall_Rating]]="", "", --(tblMergedCleaned[[#This Row],[Overall_Rating]]<=2) )} -> 0 | AL53: =IF( tblMergedCleaned[[#This Row],[Definitely_Recommend_Pct]]="", "", --(tblMergedCleaned[[#This Row],[Definitely_Recommend_Pct]]<TX_Median_Recommend) ) -> 1 | AM53: =IF( tblMergedCleaned[[#This Row],[Readmission_Comparison]]="", "", --(tblMergedCleaned[[#This Row],[Readmission_Comparison]]="Worse") ) -> 0 | AN53: =COUNT( tblMergedCleaned[[#This Row],[Low_Rating_Flag]:[Worse_Readmission_Flag]] ) -> 3 | AO53: =SUM( tblMergedCleaned[[#This Row],[Low_Rating_Flag]:[Worse_Readmission_Flag]] ) -> 1 | AP53: =IF( tblMergedCleaned[[#This Row],[Signals_Available_Count]]<3, "Limited data", IF( tblMergedCleaned[[#This Row],[Screening_Signal_Count]]=3, "Priority 1", IF( tblMergedCleaned[[#This Row],[Screening_Signal_Count]]=2, "Priority 2", IF( tblMergedCleaned[[#This Row],[Screening_Signal_Count]]=1, "Monitor", "No flagged signals" ) ) ) ) -> Monitor | AQ53: =IF( tblMergedCleaned[[#This Row],[Definitely_Recommend_Pct]]="", "Unavailable", IF( tblMergedCleaned[[#This Row],[Definitely_Recommend_Pct]]<=TX_Recommend_Q1, "Q1 - Lowest", IF( tblMergedCleaned[[#This Row],[Definitely_Recommend_Pct]]<=TX_Median_Recommend, "Q2", IF( tblMergedCleaned[[#This Row],[Definitely_Recommend_Pct]]<=TX_Recommend_Q3, "Q3", "Q4 - Highest" ) ) ) ) -> Q2 | AR53: =IF( tblMergedCleaned[[#This Row],[Definitely_Recommend_Pct]]="", "", tblMergedCleaned[[#This Row],[Definitely_Recommend_Pct]]-TX_Median_Recommend ) -> -3 | AS53: =IF( tblMergedCleaned[[#This Row],[Readmission_Rate_Pct]]="", "", tblMergedCleaned[[#This Row],[Readmission_Rate_Pct]]-TX_Median_Readmission ) -> 1
A54: 450154 | B54: VAL VERDE REGIONAL MEDICAL CENTER | C54: 801 BEDELL AVE | D54: DEL RIO | E54: TX | F54: 78840 | G54: VAL VERDE | H54: (830) 775-8566 | I54: Acute Care Hospitals | J54: Government - Hospital District or Authority | K54: Yes | L54: 3 | M54: 3 | O54: 78 | P54: 81 | Q54: 73 | R54: 83 | S54: 63 | T54: 60 | U54: 98 | V54: 8 | W54: 45474 | X54: 45838 | Y54: 14.7 | Z54: No Different | AA54: 239 | AB54: 13 | AC54: 16.6 | AE54: 45108 | AF54: 45473 | AG54: TRUE | AH54: TRUE | AI54: TRUE | AJ54: =IF(tblMergedCleaned[[#This Row],[Overall_Rating]]= "", "Unavailable", IF(tblMergedCleaned[[#This Row],[Overall_Rating]]<= 2, "Low (1-2)", IF(tblMergedCleaned[[#This Row],[Overall_Rating]]= 3, "Middle (3)", "High (4-5)" ) ) ) -> Middle (3) | AK54: {=IF( tblMergedCleaned[[#This Row],[Overall_Rating]]="", "", --(tblMergedCleaned[[#This Row],[Overall_Rating]]<=2) )} -> 0 | AL54: =IF( tblMergedCleaned[[#This Row],[Definitely_Recommend_Pct]]="", "", --(tblMergedCleaned[[#This Row],[Definitely_Recommend_Pct]]<TX_Median_Recommend) ) -> 1 | AM54: =IF( tblMergedCleaned[[#This Row],[Readmission_Comparison]]="", "", --(tblMergedCleaned[[#This Row],[Readmission_Comparison]]="Worse") ) -> 0 | AN54: =COUNT( tblMergedCleaned[[#This Row],[Low_Rating_Flag]:[Worse_Readmission_Flag]] ) -> 3 | AO54: =SUM( tblMergedCleaned[[#This Row],[Low_Rating_Flag]:[Worse_Readmission_Flag]] ) -> 1 | AP54: =IF( tblMergedCleaned[[#This Row],[Signals_Available_Count]]<3, "Limited data", IF( tblMergedCleaned[[#This Row],[Screening_Signal_Count]]=3, "Priority 1", IF( tblMergedCleaned[[#This Row],[Screening_Signal_Count]]=2, "Priority 2", IF( tblMergedCleaned[[#This Row],[Screening_Signal_Count]]=1, "Monitor", "No flagged signals" ) ) ) ) -> Monitor | AQ54: =IF( tblMergedCleaned[[#This Row],[Definitely_Recommend_Pct]]="", "Unavailable", IF( tblMergedCleaned[[#This Row],[Definitely_Recommend_Pct]]<=TX_Recommend_Q1, "Q1 - Lowest", IF( tblMergedCleaned[[#This Row],[Definitely_Recommend_Pct]]<=TX_Median_Recommend, "Q2", IF( tblMergedCleaned[[#This Row],[Definitely_Recommend_Pct]]<=TX_Recommend_Q3, "Q3", "Q4 - Highest" ) ) ) ) -> Q1 - Lowest | AR54: =IF( tblMergedCleaned[[#This Row],[Definitely_Recommend_Pct]]="", "", tblMergedCleaned[[#This Row],[Definitely_Recommend_Pct]]-TX_Median_Recommend ) -> -11 | AS54: =IF( tblMergedCleaned[[#This Row],[Readmission_Rate_Pct]]="", "", tblMergedCleaned[[#This Row],[Readmission_Rate_Pct]]-TX_Median_Readmission ) -> -0.2
A55: 450155 | B55: HEREFORD REGIONAL MEDICAL CENTER | C55: 801 EAST THIRD | D55: HEREFORD | E55: TX | F55: 79045 | G55: DEAF SMITH | H55: (806) 364-2141 | I55: Acute Care Hospitals | J55: Government - Hospital District or Authority | K55: Yes | M55: Not Available | N55: 16 | O55: 79 | P55: 83 | Q55: 57 | R55: 93 | S55: 82 | T55: 77 | U55: 33 | V55: 20 | W55: 45474 | X55: 45838 | Y55: 14.5 | Z55: No Different | AA55: 58 | AB55: 12.7 | AC55: 16.7 | AE55: 45108 | AF55: 45473 | AG55: FALSE | AH55: TRUE | AI55: TRUE | AJ55: =IF(tblMergedCleaned[[#This Row],[Overall_Rating]]= "", "Unavailable", IF(tblMergedCleaned[[#This Row],[Overall_Rating]]<= 2, "Low (1-2)", IF(tblMergedCleaned[[#This Row],[Overall_Rating]]= 3, "Middle (3)", "High (4-5)" ) ) ) -> Unavailable | AK55: {=IF( tblMergedCleaned[[#This Row],[Overall_Rating]]="", "", --(tblMergedCleaned[[#This Row],[Overall_Rating]]<=2) )} | AL55: =IF( tblMergedCleaned[[#This Row],[Definitely_Recommend_Pct]]="", "", --(tblMergedCleaned[[#This Row],[Definitely_Recommend_Pct]]<TX_Median_Recommend) ) -> 0 | AM55: =IF( tblMergedCleaned[[#This Row],[Readmission_Comparison]]="", "", --(tblMergedCleaned[[#This Row],[Readmission_Comparison]]="Worse") ) -> 0 | AN55: =COUNT( tblMergedCleaned[[#This Row],[Low_Rating_Flag]:[Worse_Readmission_Flag]] ) -> 2 | AO55: =SUM( tblMergedCleaned[[#This Row],[Low_Rating_Flag]:[Worse_Readmission_Flag]] ) -> 0 | AP55: =IF( tblMergedCleaned[[#This Row],[Signals_Available_Count]]<3, "Limited data", IF( tblMergedCleaned[[#This Row],[Screening_Signal_Count]]=3, "Priority 1", IF( tblMergedCleaned[[#This Row],[Screening_Signal_Count]]=2, "Priority 2", IF( tblMergedCleaned[[#This Row],[Screening_Signal_Count]]=1, "Monitor", "No flagged signals" ) ) ) ) -> Limited data | AQ55: =IF( tblMergedCleaned[[#This Row],[Definitely_Recommend_Pct]]="", "Unavailable", IF( tblMergedCleaned[[#This Row],[Definitely_Recommend_Pct]]<=TX_Recommend_Q1, "Q1 - Lowest", IF( tblMergedCleaned[[#This Row],[Definitely_Recommend_Pct]]<=TX_Median_Recommend, "Q2", IF( tblMergedCleaned[[#This Row],[Definitely_Recommend_Pct]]<=TX_Recommend_Q3, "Q3", "Q4 - Highest" ) ) ) ) -> Q3 | AR55: =IF( tblMergedCleaned[[#This Row],[Definitely_Recommend_Pct]]="", "", tblMergedCleaned[[#This Row],[Definitely_Recommend_Pct]]-TX_Median_Recommend ) -> 6 | AS55: =IF( tblMergedCleaned[[#This Row],[Readmission_Rate_Pct]]="", "", tblMergedCleaned[[#This Row],[Readmission_Rate_Pct]]-TX_Median_Readmission ) -> -0.4
A56: 450162 | B56: GRACE SURGICAL HOSPITAL | C56: 2412 50TH ST | D56: LUBBOCK | E56: TX | F56: 79412 | G56: LUBBOCK | H56: (806) 788-4000 | I56: Acute Care Hospitals | J56: Voluntary non-profit - Private | K56: Yes | M56: Not Available | N56: 16 | O56: 84 | P56: 78 | Q56: 62 | R56: 87 | S56: 85 | T56: 86 | U56: 62 | V56: 42 | W56: 45474 | X56: 45838 | Y56: 14.2 | Z56: No Different | AA56: 53 | AB56: 11.2 | AC56: 17.8 | AE56: 45108 | AF56: 45473 | AG56: FALSE | AH56: TRUE | AI56: TRUE | AJ56: =IF(tblMergedCleaned[[#This Row],[Overall_Rating]]= "", "Unavailable", IF(tblMergedCleaned[[#This Row],[Overall_Rating]]<= 2, "Low (1-2)", IF(tblMergedCleaned[[#This Row],[Overall_Rating]]= 3, "Middle (3)", "High (4-5)" ) ) ) -> Unavailable | AK56: {=IF( tblMergedCleaned[[#This Row],[Overall_Rating]]="", "", --(tblMergedCleaned[[#This Row],[Overall_Rating]]<=2) )} | AL56: =IF( tblMergedCleaned[[#This Row],[Definitely_Recommend_Pct]]="", "", --(tblMergedCleaned[[#This Row],[Definitely_Recommend_Pct]]<TX_Median_Recommend) ) -> 0 | AM56: =IF( tblMergedCleaned[[#This Row],[Readmission_Comparison]]="", "", --(tblMergedCleaned[[#This Row],[Readmission_Comparison]]="Worse") ) -> 0 | AN56: =COUNT( tblMergedCleaned[[#This Row],[Low_Rating_Flag]:[Worse_Readmission_Flag]] ) -> 2 | AO56: =SUM( tblMergedCleaned[[#This Row],[Low_Rating_Flag]:[Worse_Readmission_Flag]] ) -> 0 | AP56: =IF( tblMergedCleaned[[#This Row],[Signals_Available_Count]]<3, "Limited data", IF( tblMergedCleaned[[#This Row],[Screening_Signal_Count]]=3, "Priority 1", IF( tblMergedCleaned[[#This Row],[Screening_Signal_Count]]=2, "Priority 2", IF( tblMergedCleaned[[#This Row],[Screening_Signal_Count]]=1, "Monitor", "No flagged signals" ) ) ) ) -> Limited data | AQ56: =IF( tblMergedCleaned[[#This Row],[Definitely_Recommend_Pct]]="", "Unavailable", IF( tblMergedCleaned[[#This Row],[Definitely_Recommend_Pct]]<=TX_Recommend_Q1, "Q1 - Lowest", IF( tblMergedCleaned[[#This Row],[Definitely_Recommend_Pct]]<=TX_Median_Recommend, "Q2", IF( tblMergedCleaned[[#This Row],[Definitely_Recommend_Pct]]<=TX_Recommend_Q3, "Q3", "Q4 - Highest" ) ) ) ) -> Q4 - Highest | AR56: =IF( tblMergedCleaned[[#This Row],[Definitely_Recommend_Pct]]="", "", tblMergedCleaned[[#This Row],[Definitely_Recommend_Pct]]-TX_Median_Recommend ) -> 15 | AS56: =IF( tblMergedCleaned[[#This Row],[Readmission_Rate_Pct]]="", "", tblMergedCleaned[[#This Row],[Readmission_Rate_Pct]]-TX_Median_Readmission ) -> -0.7
A57: 450163 | B57: CHRISTUS SPOHN HOSPITAL KLEBERG | C57: 1311 EAST GENERAL CAVAZOS BLVD | D57: KINGSVILLE | E57: TX | F57: 78363 | G57: KLEBERG | H57: (361) 595-1661 | I57: Acute Care Hospitals | J57: Voluntary non-profit - Private | K57: Yes | L57: 2 | M57: 2 | O57: 82 | P57: 77 | Q57: 65 | R57: 83 | S57: 68 | T57: 60 | U57: 157 | V57: 13 | W57: 45474 | X57: 45838 | Y57: 14.9 | Z57: No Different | AA57: 174 | AB57: 13.2 | AC57: 17 | AE57: 45108 | AF57: 45473 | AG57: TRUE | AH57: TRUE | AI57: TRUE | AJ57: =IF(tblMergedCleaned[[#This Row],[Overall_Rating]]= "", "Unavailable", IF(tblMergedCleaned[[#This Row],[Overall_Rating]]<= 2, "Low (1-2)", IF(tblMergedCleaned[[#This Row],[Overall_Rating]]= 3, "Middle (3)", "High (4-5)" ) ) ) -> Low (1-2) | AK57: {=IF( tblMergedCleaned[[#This Row],[Overall_Rating]]="", "", --(tblMergedCleaned[[#This Row],[Overall_Rating]]<=2) )} -> 1 | AL57: =IF( tblMergedCleaned[[#This Row],[Definitely_Recommend_Pct]]="", "", --(tblMergedCleaned[[#This Row],[Definitely_Recommend_Pct]]<TX_Median_Recommend) ) -> 1 | AM57: =IF( tblMergedCleaned[[#This Row],[Readmission_Comparison]]="", "", --(tblMergedCleaned[[#This Row],[Readmission_Comparison]]="Worse") ) -> 0 | AN57: =COUNT( tblMergedCleaned[[#This Row],[Low_Rating_Flag]:[Worse_Readmission_Flag]] ) -> 3 | AO57: =SUM( tblMergedCleaned[[#This Row],[Low_Rating_Flag]:[Worse_Readmission_Flag]] ) -> 2 | AP57: =IF( tblMergedCleaned[[#This Row],[Signals_Available_Count]]<3, "Limited data", IF( tblMergedCleaned[[#This Row],[Screening_Signal_Count]]=3, "Priority 1", IF( tblMergedCleaned[[#This Row],[Screening_Signal_Count]]=2, "Priority 2", IF( tblMergedCleaned[[#This Row],[Screening_Signal_Count]]=1, "Monitor", "No flagged signals" ) ) ) ) -> Priority 2 | AQ57: =IF( tblMergedCleaned[[#This Row],[Definitely_Recommend_Pct]]="", "Unavailable", IF( tblMergedCleaned[[#This Row],[Definitely_Recommend_Pct]]<=TX_Recommend_Q1, "Q1 - Lowest", IF( tblMergedCleaned[[#This Row],[Definitely_Recommend_Pct]]<=TX_Median_Recommend, "Q2", IF( tblMergedCleaned[[#This Row],[Definitely_Recommend_Pct]]<=TX_Recommend_Q3, "Q3", "Q4 - Highest" ) ) ) ) -> Q1 - Lowest | AR57: =IF( tblMergedCleaned[[#This Row],[Definitely_Recommend_Pct]]="", "", tblMergedCleaned[[#This Row],[Definitely_Recommend_Pct]]-TX_Median_Recommend ) -> -11 | AS57: =IF( tblMergedCleaned[[#This Row],[Readmission_Rate_Pct]]="", "", tblMergedCleaned[[#This Row],[Readmission_Rate_Pct]]-TX_Median_Readmission ) -> 0
A58: 450165 | B58: METHODIST HOSPITAL ATASCOSA | C58: 1905 HWY 97 EAST | D58: JOURDANTON | E58: TX | F58: 78026 | G58: ATASCOSA | H58: (830) 769-3515 | I58: Acute Care Hospitals | J58: Proprietary | K58: Yes | L58: 3 | M58: 3 | O58: 82 | P58: 76 | Q58: 64 | R58: 82 | S58: 72 | T58: 71 | U58: 147 | V58: 14 | W58: 45474 | X58: 45838 | Y58: 14.5 | Z58: No Different | AA58: 226 | AB58: 12.5 | AC58: 16.7 | AE58: 45108 | AF58: 45473 | AG58: TRUE | AH58: TRUE | AI58: TRUE | AJ58: =IF(tblMergedCleaned[[#This Row],[Overall_Rating]]= "", "Unavailable", IF(tblMergedCleaned[[#This Row],[Overall_Rating]]<= 2, "Low (1-2)", IF(tblMergedCleaned[[#This Row],[Overall_Rating]]= 3, "Middle (3)", "High (4-5)" ) ) ) -> Middle (3) | AK58: {=IF( tblMergedCleaned[[#This Row],[Overall_Rating]]="", "", --(tblMergedCleaned[[#This Row],[Overall_Rating]]<=2) )} -> 0 | AL58: =IF( tblMergedCleaned[[#This Row],[Definitely_Recommend_Pct]]="", "", --(tblMergedCleaned[[#This Row],[Definitely_Recommend_Pct]]<TX_Median_Recommend) ) -> 0 | AM58: =IF( tblMergedCleaned[[#This Row],[Readmission_Comparison]]="", "", --(tblMergedCleaned[[#This Row],[Readmission_Comparison]]="Worse") ) -> 0 | AN58: =COUNT( tblMergedCleaned[[#This Row],[Low_Rating_Flag]:[Worse_Readmission_Flag]] ) -> 3 | AO58: =SUM( tblMergedCleaned[[#This Row],[Low_Rating_Flag]:[Worse_Readmission_Flag]] ) -> 0 | AP58: =IF( tblMergedCleaned[[#This Row],[Signals_Available_Count]]<3, "Limited data", IF( tblMergedCleaned[[#This Row],[Screening_Signal_Count]]=3, "Priority 1", IF( tblMergedCleaned[[#This Row],[Screening_Signal_Count]]=2, "Priority 2", IF( tblMergedCleaned[[#This Row],[Screening_Signal_Count]]=1, "Monitor", "No flagged signals" ) ) ) ) -> No flagged signals | AQ58: =IF( tblMergedCleaned[[#This Row],[Definitely_Recommend_Pct]]="", "Unavailable", IF( tblMergedCleaned[[#This Row],[Definitely_Recommend_Pct]]<=TX_Recommend_Q1, "Q1 - Lowest", IF( tblMergedCleaned[[#This Row],[Definitely_Recommend_Pct]]<=TX_Median_Recommend, "Q2", IF( tblMergedCleaned[[#This Row],[Definitely_Recommend_Pct]]<=TX_Recommend_Q3, "Q3", "Q4 - Highest" ) ) ) ) -> Q2 | AR58: =IF( tblMergedCleaned[[#This Row],[Definitely_Recommend_Pct]]="", "", tblMergedCleaned[[#This Row],[Definitely_Recommend_Pct]]-TX_Median_Recommend ) -> 0 | AS58: =IF( tblMergedCleaned[[#This Row],[Readmission_Rate_Pct]]="", "", tblMergedCleaned[[#This Row],[Readmission_Rate_Pct]]-TX_Median_Readmission ) -> -0.4
A59: 450176 | B59: MISSION REGIONAL MEDICAL CENTER | C59: 900 SOUTH BRYAN ROAD | D59: MISSION | E59: TX | F59: 78572 | G59: HIDALGO | H59: (956) 323-9000 | I59: Acute Care Hospitals | J59: Voluntary non-profit - Private | K59: Yes | L59: 4 | M59: 4 | O59: 76 | P59: 78 | Q59: 55 | R59: 83 | S59: 71 | T59: 70 | U59: 519 | V59: 40 | W59: 45474 | X59: 45838 | Y59: 15.2 | Z59: No Different | AA59: 627 | AB59: 13.7 | AC59: 16.9 | AE59: 45108 | AF59: 45473 | AG59: TRUE | AH59: TRUE | AI59: TRUE | AJ59: =IF(tblMergedCleaned[[#This Row],[Overall_Rating]]= "", "Unavailable", IF(tblMergedCleaned[[#This Row],[Overall_Rating]]<= 2, "Low (1-2)", IF(tblMergedCleaned[[#This Row],[Overall_Rating]]= 3, "Middle (3)", "High (4-5)" ) ) ) -> High (4-5) | AK59: {=IF( tblMergedCleaned[[#This Row],[Overall_Rating]]="", "", --(tblMergedCleaned[[#This Row],[Overall_Rating]]<=2) )} -> 0 | AL59: =IF( tblMergedCleaned[[#This Row],[Definitely_Recommend_Pct]]="", "", --(tblMergedCleaned[[#This Row],[Definitely_Recommend_Pct]]<TX_Median_Recommend) ) -> 1 | AM59: =IF( tblMergedCleaned[[#This Row],[Readmission_Comparison]]="", "", --(tblMergedCleaned[[#This Row],[Readmission_Comparison]]="Worse") ) -> 0 | AN59: =COUNT( tblMergedCleaned[[#This Row],[Low_Rating_Flag]:[Worse_Readmission_Flag]] ) -> 3 | AO59: =SUM( tblMergedCleaned[[#This Row],[Low_Rating_Flag]:[Worse_Readmission_Flag]] ) -> 1 | AP59: =IF( tblMergedCleaned[[#This Row],[Signals_Available_Count]]<3, "Limited data", IF( tblMergedCleaned[[#This Row],[Screening_Signal_Count]]=3, "Priority 1", IF( tblMergedCleaned[[#This Row],[Screening_Signal_Count]]=2, "Priority 2", IF( tblMergedCleaned[[#This Row],[Screening_Signal_Count]]=1, "Monitor", "No flagged signals" ) ) ) ) -> Monitor | AQ59: =IF( tblMergedCleaned[[#This Row],[Definitely_Recommend_Pct]]="", "Unavailable", IF( tblMergedCleaned[[#This Row],[Definitely_Recommend_Pct]]<=TX_Recommend_Q1, "Q1 - Lowest", IF( tblMergedCleaned[[#This Row],[Definitely_Recommend_Pct]]<=TX_Median_Recommend, "Q2", IF( tblMergedCleaned[[#This Row],[Definitely_Recommend_Pct]]<=TX_Recommend_Q3, "Q3", "Q4 - Highest" ) ) ) ) -> Q2 | AR59: =IF( tblMergedCleaned[[#This Row],[Definitely_Recommend_Pct]]="", "", tblMergedCleaned[[#This Row],[Definitely_Recommend_Pct]]-TX_Median_Recommend ) -> -1 | AS59: =IF( tblMergedCleaned[[#This Row],[Readmission_Rate_Pct]]="", "", tblMergedCleaned[[#This Row],[Readmission_Rate_Pct]]-TX_Median_Readmission ) -> 0.3
A60: 450184 | B60: MEMORIAL HERMANN HOSPITAL SYSTEM | C60: 1635 NORTH LOOP WEST | D60: HOUSTON | E60: TX | F60: 77008 | G60: HARRIS | H60: (713) 448-6796 | I60: Acute Care Hospitals | J60: Voluntary non-profit - Private | K60: Yes | L60: 3 | M60: 3 | O60: 76 | P60: 76 | Q60: 59 | R60: 83 | S60: 72 | T60: 71 | U60: 1863 | V60: 12 | W60: 45474 | X60: 45838 | Y60: 14.8 | Z60: No Different | AA60: 7528 | AB60: 14.1 | AC60: 15.5 | AE60: 45108 | AF60: 45473 | AG60: TRUE | AH60: TRUE | AI60: TRUE | AJ60: =IF(tblMergedCleaned[[#This Row],[Overall_Rating]]= "", "Unavailable", IF(tblMergedCleaned[[#This Row],[Overall_Rating]]<= 2, "Low (1-2)", IF(tblMergedCleaned[[#This Row],[Overall_Rating]]= 3, "Middle (3)", "High (4-5)" ) ) ) -> Middle (3) | AK60: {=IF( tblMergedCleaned[[#This Row],[Overall_Rating]]="", "", --(tblMergedCleaned[[#This Row],[Overall_Rating]]<=2) )} -> 0 | AL60: =IF( tblMergedCleaned[[#This Row],[Definitely_Recommend_Pct]]="", "", --(tblMergedCleaned[[#This Row],[Definitely_Recommend_Pct]]<TX_Median_Recommend) ) -> 0 | AM60: =IF( tblMergedCleaned[[#This Row],[Readmission_Comparison]]="", "", --(tblMergedCleaned[[#This Row],[Readmission_Comparison]]="Worse") ) -> 0 | AN60: =COUNT( tblMergedCleaned[[#This Row],[Low_Rating_Flag]:[Worse_Readmission_Flag]] ) -> 3 | AO60: =SUM( tblMergedCleaned[[#This Row],[Low_Rating_Flag]:[Worse_Readmission_Flag]] ) -> 0 | AP60: =IF( tblMergedCleaned[[#This Row],[Signals_Available_Count]]<3, "Limited data", IF( tblMergedCleaned[[#This Row],[Screening_Signal_Count]]=3, "Priority 1", IF( tblMergedCleaned[[#This Row],[Screening_Signal_Count]]=2, "Priority 2", IF( tblMergedCleaned[[#This Row],[Screening_Signal_Count]]=1, "Monitor", "No flagged signals" ) ) ) ) -> No flagged signals | AQ60: =IF( tblMergedCleaned[[#This Row],[Definitely_Recommend_Pct]]="", "Unavailable", IF( tblMergedCleaned[[#This Row],[Definitely_Recommend_Pct]]<=TX_Recommend_Q1, "Q1 - Lowest", IF( tblMergedCleaned[[#This Row],[Definitely_Recommend_Pct]]<=TX_Median_Recommend, "Q2", IF( tblMergedCleaned[[#This Row],[Definitely_Recommend_Pct]]<=TX_Recommend_Q3, "Q3", "Q4 - Highest" ) ) ) ) -> Q2 | AR60: =IF( tblMergedCleaned[[#This Row],[Definitely_Recommend_Pct]]="", "", tblMergedCleaned[[#This Row],[Definitely_Recommend_Pct]]-TX_Median_Recommend ) -> 0 | AS60: =IF( tblMergedCleaned[[#This Row],[Readmission_Rate_Pct]]="", "", tblMergedCleaned[[#This Row],[Readmission_Rate_Pct]]-TX_Median_Readmission ) -> -0.1
A61: 450193 | B61: Baylor St Lukes Medical Center | C61: 6720 BERTNER AVE, STE MC1-266 | D61: HOUSTON | E61: TX | F61: 77030 | G61: HARRIS | H61: (832) 355-1000 | I61: Acute Care Hospitals | J61: Voluntary non-profit - Church | K61: Yes | L61: 4 | M61: 4 | O61: 73 | P61: 77 | Q61: 55 | R61: 83 | S61: 68 | T61: 64 | U61: 529 | V61: 14 | W61: 45474 | X61: 45838 | Y61: 14.5 | Z61: No Different | AA61: 2622 | AB61: 13.5 | AC61: 15.5 | AE61: 45108 | AF61: 45473 | AG61: TRUE | AH61: TRUE | AI61: TRUE | AJ61: =IF(tblMergedCleaned[[#This Row],[Overall_Rating]]= "", "Unavailable", IF(tblMergedCleaned[[#This Row],[Overall_Rating]]<= 2, "Low (1-2)", IF(tblMergedCleaned[[#This Row],[Overall_Rating]]= 3, "Middle (3)", "High (4-5)" ) ) ) -> High (4-5) | AK61: {=IF( tblMergedCleaned[[#This Row],[Overall_Rating]]="", "", --(tblMergedCleaned[[#This Row],[Overall_Rating]]<=2) )} -> 0 | AL61: =IF( tblMergedCleaned[[#This Row],[Definitely_Recommend_Pct]]="", "", --(tblMergedCleaned[[#This Row],[Definitely_Recommend_Pct]]<TX_Median_Recommend) ) -> 1 | AM61: =IF( tblMergedCleaned[[#This Row],[Readmission_Comparison]]="", "", --(tblMergedCleaned[[#This Row],[Readmission_Comparison]]="Worse") ) -> 0 | AN61: =COUNT( tblMergedCleaned[[#This Row],[Low_Rating_Flag]:[Worse_Readmission_Flag]] ) -> 3 | AO61: =SUM( tblMergedCleaned[[#This Row],[Low_Rating_Flag]:[Worse_Readmission_Flag]] ) -> 1 | AP61: =IF( tblMergedCleaned[[#This Row],[Signals_Available_Count]]<3, "Limited data", IF( tblMergedCleaned[[#This Row],[Screening_Signal_Count]]=3, "Priority 1", IF( tblMergedCleaned[[#This Row],[Screening_Signal_Count]]=2, "Priority 2", IF( tblMergedCleaned[[#This Row],[Screening_Signal_Count]]=1, "Monitor", "No flagged signals" ) ) ) ) -> Monitor | AQ61: =IF( tblMergedCleaned[[#This Row],[Definitely_Recommend_Pct]]="", "Unavailable", IF( tblMergedCleaned[[#This Row],[Definitely_Recommend_Pct]]<=TX_Recommend_Q1, "Q1 - Lowest", IF( tblMergedCleaned[[#This Row],[Definitely_Recommend_Pct]]<=TX_Median_Recommend, "Q2", IF( tblMergedCleaned[[#This Row],[Definitely_Recommend_Pct]]<=TX_Recommend_Q3, "Q3", "Q4 - Highest" ) ) ) ) -> Q1 - Lowest | AR61: =IF( tblMergedCleaned[[#This Row],[Definitely_Recommend_Pct]]="", "", tblMergedCleaned[[#This Row],[Definitely_Recommend_Pct]]-TX_Median_Recommend ) -> -7 | AS61: =IF( tblMergedCleaned[[#This Row],[Readmission_Rate_Pct]]="", "", tblMergedCleaned[[#This Row],[Readmission_Rate_Pct]]-TX_Median_Readmission ) -> -0.4
A62: 450194 | B62: UT HEALTH EAST TEXAS JACKSONVILLE HOSPITAL | C62: 501 S RAGSDALE | D62: JACKSONVILLE | E62: TX | F62: 75766 | G62: CHEROKEE | H62: (903) 541-5000 | I62: Acute Care Hospitals | J62: Proprietary | K62: Yes | M62: Not Available | N62: 16 | O62: 81 | P62: 88 | Q62: 74 | R62: 87 | S62: 74 | T62: 75 | U62: 129 | V62: 12 | W62: 45474 | X62: 45838 | Y62: 14.7 | Z62: No Different | AA62: 123 | AB62: 13 | AC62: 16.7 | AE62: 45108 | AF62: 45473 | AG62: FALSE | AH62: TRUE | AI62: TRUE | AJ62: =IF(tblMergedCleaned[[#This Row],[Overall_Rating]]= "", "Unavailable", IF(tblMergedCleaned[[#This Row],[Overall_Rating]]<= 2, "Low (1-2)", IF(tblMergedCleaned[[#This Row],[Overall_Rating]]= 3, "Middle (3)", "High (4-5)" ) ) ) -> Unavailable | AK62: {=IF( tblMergedCleaned[[#This Row],[Overall_Rating]]="", "", --(tblMergedCleaned[[#This Row],[Overall_Rating]]<=2) )} | AL62: =IF( tblMergedCleaned[[#This Row],[Definitely_Recommend_Pct]]="", "", --(tblMergedCleaned[[#This Row],[Definitely_Recommend_Pct]]<TX_Median_Recommend) ) -> 0 | AM62: =IF( tblMergedCleaned[[#This Row],[Readmission_Comparison]]="", "", --(tblMergedCleaned[[#This Row],[Readmission_Comparison]]="Worse") ) -> 0 | AN62: =COUNT( tblMergedCleaned[[#This Row],[Low_Rating_Flag]:[Worse_Readmission_Flag]] ) -> 2 | AO62: =SUM( tblMergedCleaned[[#This Row],[Low_Rating_Flag]:[Worse_Readmission_Flag]] ) -> 0 | AP62: =IF( tblMergedCleaned[[#This Row],[Signals_Available_Count]]<3, "Limited data", IF( tblMergedCleaned[[#This Row],[Screening_Signal_Count]]=3, "Priority 1", IF( tblMergedCleaned[[#This Row],[Screening_Signal_Count]]=2, "Priority 2", IF( tblMergedCleaned[[#This Row],[Screening_Signal_Count]]=1, "Monitor", "No flagged signals" ) ) ) ) -> Limited data | AQ62: =IF( tblMergedCleaned[[#This Row],[Definitely_Recommend_Pct]]="", "Unavailable", IF( tblMergedCleaned[[#This Row],[Definitely_Recommend_Pct]]<=TX_Recommend_Q1, "Q1 - Lowest", IF( tblMergedCleaned[[#This Row],[Definitely_Recommend_Pct]]<=TX_Median_Recommend, "Q2", IF( tblMergedCleaned[[#This Row],[Definitely_Recommend_Pct]]<=TX_Recommend_Q3, "Q3", "Q4 - Highest" ) ) ) ) -> Q3 | AR62: =IF( tblMergedCleaned[[#This Row],[Definitely_Recommend_Pct]]="", "", tblMergedCleaned[[#This Row],[Definitely_Recommend_Pct]]-TX_Median_Recommend ) -> 4 | AS62: =IF( tblMergedCleaned[[#This Row],[Readmission_Rate_Pct]]="", "", tblMergedCleaned[[#This Row],[Readmission_Rate_Pct]]-TX_Median_Readmission ) -> -0.2
A63: 450196 | B63: PARIS REGIONAL MEDICAL CENTER | C63: 865 DESHONG DR | D63: PARIS | E63: TX | F63: 75460 | G63: LAMAR | H63: (903) 785-4521 | I63: Acute Care Hospitals | J63: Proprietary | K63: Yes | L63: 1 | M63: 1 | O63: 75 | P63: 74 | Q63: 58 | R63: 82 | S63: 58 | T63: 55 | U63: 1125 | V63: 17 | W63: 45474 | X63: 45838 | Y63: 15.4 | Z63: No Different | AA63: 1965 | AB63: 14.3 | AC63: 16.6 | AE63: 45108 | AF63: 45473 | AG63: TRUE | AH63: TRUE | AI63: TRUE | AJ63: =IF(tblMergedCleaned[[#This Row],[Overall_Rating]]= "", "Unavailable", IF(tblMergedCleaned[[#This Row],[Overall_Rating]]<= 2, "Low (1-2)", IF(tblMergedCleaned[[#This Row],[Overall_Rating]]= 3, "Middle (3)", "High (4-5)" ) ) ) -> Low (1-2) | AK63: {=IF( tblMergedCleaned[[#This Row],[Overall_Rating]]="", "", --(tblMergedCleaned[[#This Row],[Overall_Rating]]<=2) )} -> 1 | AL63: =IF( tblMergedCleaned[[#This Row],[Definitely_Recommend_Pct]]="", "", --(tblMergedCleaned[[#This Row],[Definitely_Recommend_Pct]]<TX_Median_Recommend) ) -> 1 | AM63: =IF( tblMergedCleaned[[#This Row],[Readmission_Comparison]]="", "", --(tblMergedCleaned[[#This Row],[Readmission_Comparison]]="Worse") ) -> 0 | AN63: =COUNT( tblMergedCleaned[[#This Row],[Low_Rating_Flag]:[Worse_Readmission_Flag]] ) -> 3 | AO63: =SUM( tblMergedCleaned[[#This Row],[Low_Rating_Flag]:[Worse_Readmission_Flag]] ) -> 2 | AP63: =IF( tblMergedCleaned[[#This Row],[Signals_Available_Count]]<3, "Limited data", IF( tblMergedCleaned[[#This Row],[Screening_Signal_Count]]=3, "Priority 1", IF( tblMergedCleaned[[#This Row],[Screening_Signal_Count]]=2, "Priority 2", IF( tblMergedCleaned[[#This Row],[Screening_Signal_Count]]=1, "Monitor", "No flagged signals" ) ) ) ) -> Priority 2 | AQ63: =IF( tblMergedCleaned[[#This Row],[Definitely_Recommend_Pct]]="", "Unavailable", IF( tblMergedCleaned[[#This Row],[Definitely_Recommend_Pct]]<=TX_Recommend_Q1, "Q1 - Lowest", IF( tblMergedCleaned[[#This Row],[Definitely_Recommend_Pct]]<=TX_Median_Recommend, "Q2", IF( tblMergedCleaned[[#This Row],[Definitely_Recommend_Pct]]<=TX_Recommend_Q3, "Q3", "Q4 - Highest" ) ) ) ) -> Q1 - Lowest | AR63: =IF( tblMergedCleaned[[#This Row],[Definitely_Recommend_Pct]]="", "", tblMergedCleaned[[#This Row],[Definitely_Recommend_Pct]]-TX_Median_Recommend ) -> -16 | AS63: =IF( tblMergedCleaned[[#This Row],[Readmission_Rate_Pct]]="", "", tblMergedCleaned[[#This Row],[Readmission_Rate_Pct]]-TX_Median_Readmission ) -> 0.5
A64: 450200 | B64: WADLEY REGIONAL MEDICAL CENTER | C64: 1000 PINE STREET | D64: TEXARKANA | E64: TX | F64: 75501 | G64: BOWIE | H64: (903) 798-8000 | I64: Acute Care Hospitals | J64: Physician | K64: Yes | M64: Not Available | N64: 16 | U64: Not Available | W64: 45474 | X64: 45838 | AD64: 5 | AE64: 45108 | AF64: 45473 | AG64: FALSE | AH64: FALSE | AI64: FALSE | AJ64: =IF(tblMergedCleaned[[#This Row],[Overall_Rating]]= "", "Unavailable", IF(tblMergedCleaned[[#This Row],[Overall_Rating]]<= 2, "Low (1-2)", IF(tblMergedCleaned[[#This Row],[Overall_Rating]]= 3, "Middle (3)", "High (4-5)" ) ) ) -> Unavailable | AK64: {=IF( tblMergedCleaned[[#This Row],[Overall_Rating]]="", "", --(tblMergedCleaned[[#This Row],[Overall_Rating]]<=2) )} | AL64: =IF( tblMergedCleaned[[#This Row],[Definitely_Recommend_Pct]]="", "", --(tblMergedCleaned[[#This Row],[Definitely_Recommend_Pct]]<TX_Median_Recommend) ) | AM64: =IF( tblMergedCleaned[[#This Row],[Readmission_Comparison]]="", "", --(tblMergedCleaned[[#This Row],[Readmission_Comparison]]="Worse") ) | AN64: =COUNT( tblMergedCleaned[[#This Row],[Low_Rating_Flag]:[Worse_Readmission_Flag]] ) -> 0 | AO64: =SUM( tblMergedCleaned[[#This Row],[Low_Rating_Flag]:[Worse_Readmission_Flag]] ) -> 0 | AP64: =IF( tblMergedCleaned[[#This Row],[Signals_Available_Count]]<3, "Limited data", IF( tblMergedCleaned[[#This Row],[Screening_Signal_Count]]=3, "Priority 1", IF( tblMergedCleaned[[#This Row],[Screening_Signal_Count]]=2, "Priority 2", IF( tblMergedCleaned[[#This Row],[Screening_Signal_Count]]=1, "Monitor", "No flagged signals" ) ) ) ) -> Limited data | AQ64: =IF( tblMergedCleaned[[#This Row],[Definitely_Recommend_Pct]]="", "Unavailable", IF( tblMergedCleaned[[#This Row],[Definitely_Recommend_Pct]]<=TX_Recommend_Q1, "Q1 - Lowest", IF( tblMergedCleaned[[#This Row],[Definitely_Recommend_Pct]]<=TX_Median_Recommend, "Q2", IF( tblMergedCleaned[[#This Row],[Definitely_Recommend_Pct]]<=TX_Recommend_Q3, "Q3", "Q4 - Highest" ) ) ) ) -> Unavailable | AR64: =IF( tblMergedCleaned[[#This Row],[Definitely_Recommend_Pct]]="", "", tblMergedCleaned[[#This Row],[Definitely_Recommend_Pct]]-TX_Median_Recommend ) | AS64: =IF( tblMergedCleaned[[#This Row],[Readmission_Rate_Pct]]="", "", tblMergedCleaned[[#This Row],[Readmission_Rate_Pct]]-TX_Median_Readmission )
A65: 450203 | B65: MEDICAL CITY WEATHERFORD | C65: 713 E ANDERSON ST | D65: WEATHERFORD | E65: TX | F65: 76086 | G65: PARKER | H65: (682) 582-1000 | I65: Acute Care Hospitals | J65: Proprietary | K65: Yes | L65: 2 | M65: 2 | O65: 77 | P65: 77 | Q65: 58 | R65: 83 | S65: 68 | T65: 64 | U65: 618 | V65: 19 | W65: 45474 | X65: 45838 | Y65: 15 | Z65: No Different | AA65: 1477 | AB65: 13.8 | AC65: 16.2 | AE65: 45108 | AF65: 45473 | AG65: TRUE | AH65: TRUE | AI65: TRUE | AJ65: =IF(tblMergedCleaned[[#This Row],[Overall_Rating]]= "", "Unavailable", IF(tblMergedCleaned[[#This Row],[Overall_Rating]]<= 2, "Low (1-2)", IF(tblMergedCleaned[[#This Row],[Overall_Rating]]= 3, "Middle (3)", "High (4-5)" ) ) ) -> Low (1-2) | AK65: {=IF( tblMergedCleaned[[#This Row],[Overall_Rating]]="", "", --(tblMergedCleaned[[#This Row],[Overall_Rating]]<=2) )} -> 1 | AL65: =IF( tblMergedCleaned[[#This Row],[Definitely_Recommend_Pct]]="", "", --(tblMergedCleaned[[#This Row],[Definitely_Recommend_Pct]]<TX_Median_Recommend) ) -> 1 | AM65: =IF( tblMergedCleaned[[#This Row],[Readmission_Comparison]]="", "", --(tblMergedCleaned[[#This Row],[Readmission_Comparison]]="Worse") ) -> 0 | AN65: =COUNT( tblMergedCleaned[[#This Row],[Low_Rating_Flag]:[Worse_Readmission_Flag]] ) -> 3 | AO65: =SUM( tblMergedCleaned[[#This Row],[Low_Rating_Flag]:[Worse_Readmission_Flag]] ) -> 2 | AP65: =IF( tblMergedCleaned[[#This Row],[Signals_Available_Count]]<3, "Limited data", IF( tblMergedCleaned[[#This Row],[Screening_Signal_Count]]=3, "Priority 1", IF( tblMergedCleaned[[#This Row],[Screening_Signal_Count]]=2, "Priority 2", IF( tblMergedCleaned[[#This Row],[Screening_Signal_Count]]=1, "Monitor", "No flagged signals" ) ) ) ) -> Priority 2 | AQ65: =IF( tblMergedCleaned[[#This Row],[Definitely_Recommend_Pct]]="", "Unavailable", IF( tblMergedCleaned[[#This Row],[Definitely_Recommend_Pct]]<=TX_Recommend_Q1, "Q1 - Lowest", IF( tblMergedCleaned[[#This Row],[Definitely_Recommend_Pct]]<=TX_Median_Recommend, "Q2", IF( tblMergedCleaned[[#This Row],[Definitely_Recommend_Pct]]<=TX_Recommend_Q3, "Q3", "Q4 - Highest" ) ) ) ) -> Q1 - Lowest | AR65: =IF( tblMergedCleaned[[#This Row],[Definitely_Recommend_Pct]]="", "", tblMergedCleaned[[#This Row],[Definitely_Recommend_Pct]]-TX_Median_Recommend ) -> -7 | AS65: =IF( tblMergedCleaned[[#This Row],[Readmission_Rate_Pct]]="", "", tblMergedCleaned[[#This Row],[Readmission_Rate_Pct]]-TX_Median_Readmission ) -> 0.1
A66: 450209 | B66: NORTHWEST TEXAS HOSPITAL | C66: 1501 S COULTER ST | D66: AMARILLO | E66: TX | F66: 79106 | G66: POTTER | H66: (806) 354-1110 | I66: Acute Care Hospitals | J66: Voluntary non-profit - Private | K66: Yes | L66: 3 | M66: 3 | O66: 77 | P66: 72 | Q66: 57 | R66: 82 | S66: 65 | T66: 66 | U66: 649 | V66: 12 | W66: 45474 | X66: 45838 | Y66: 14.2 | Z66: No Different | AA66: 1575 | AB66: 13.1 | AC66: 15.4 | AE66: 45108 | AF66: 45473 | AG66: TRUE | AH66: TRUE | AI66: TRUE | AJ66: =IF(tblMergedCleaned[[#This Row],[Overall_Rating]]= "", "Unavailable", IF(tblMergedCleaned[[#This Row],[Overall_Rating]]<= 2, "Low (1-2)", IF(tblMergedCleaned[[#This Row],[Overall_Rating]]= 3, "Middle (3)", "High (4-5)" ) ) ) -> Middle (3) | AK66: {=IF( tblMergedCleaned[[#This Row],[Overall_Rating]]="", "", --(tblMergedCleaned[[#This Row],[Overall_Rating]]<=2) )} -> 0 | AL66: =IF( tblMergedCleaned[[#This Row],[Definitely_Recommend_Pct]]="", "", --(tblMergedCleaned[[#This Row],[Definitely_Recommend_Pct]]<TX_Median_Recommend) ) -> 1 | AM66: =IF( tblMergedCleaned[[#This Row],[Readmission_Comparison]]="", "", --(tblMergedCleaned[[#This Row],[Readmission_Comparison]]="Worse") ) -> 0 | AN66: =COUNT( tblMergedCleaned[[#This Row],[Low_Rating_Flag]:[Worse_Readmission_Flag]] ) -> 3 | AO66: =SUM( tblMergedCleaned[[#This Row],[Low_Rating_Flag]:[Worse_Readmission_Flag]] ) -> 1 | AP66: =IF( tblMergedCleaned[[#This Row],[Signals_Available_Count]]<3, "Limited data", IF( tblMergedCleaned[[#This Row],[Screening_Signal_Count]]=3, "Priority 1", IF( tblMergedCleaned[[#This Row],[Screening_Signal_Count]]=2, "Priority 2", IF( tblMergedCleaned[[#This Row],[Screening_Signal_Count]]=1, "Monitor", "No flagged signals" ) ) ) ) -> Monitor | AQ66: =IF( tblMergedCleaned[[#This Row],[Definitely_Recommend_Pct]]="", "Unavailable", IF( tblMergedCleaned[[#This Row],[Definitely_Recommend_Pct]]<=TX_Recommend_Q1, "Q1 - Lowest", IF( tblMergedCleaned[[#This Row],[Definitely_Recommend_Pct]]<=TX_Median_Recommend, "Q2", IF( tblMergedCleaned[[#This Row],[Definitely_Recommend_Pct]]<=TX_Recommend_Q3, "Q3", "Q4 - Highest" ) ) ) ) -> Q1 - Lowest | AR66: =IF( tblMergedCleaned[[#This Row],[Definitely_Recommend_Pct]]="", "", tblMergedCleaned[[#This Row],[Definitely_Recommend_Pct]]-TX_Median_Recommend ) -> -5 | AS66: =IF( tblMergedCleaned[[#This Row],[Readmission_Rate_Pct]]="", "", tblMergedCleaned[[#This Row],[Readmission_Rate_Pct]]-TX_Median_Readmission ) -> -0.7
A67: 450210 | B67: UT HEALTH EAST TEXAS CARTHAGE HOSPITAL | C67: 409 COTTAGE RD | D67: CARTHAGE | E67: TX | F67: 75633 | G67: PANOLA | H67: (903) 693-3841 | I67: Acute Care Hospitals | J67: Proprietary | K67: Yes | L67: 5 | M67: 5 | O67: 94 | P67: 89 | Q67: 80 | R67: 95 | S67: 85 | T67: 74 | U67: 70 | V67: 22 | W67: 45474 | X67: 45838 | Y67: 14.4 | Z67: No Different | AA67: 74 | AB67: 12.4 | AC67: 16.8 | AE67: 45108 | AF67: 45473 | AG67: TRUE | AH67: TRUE | AI67: TRUE | AJ67: =IF(tblMergedCleaned[[#This Row],[Overall_Rating]]= "", "Unavailable", IF(tblMergedCleaned[[#This Row],[Overall_Rating]]<= 2, "Low (1-2)", IF(tblMergedCleaned[[#This Row],[Overall_Rating]]= 3, "Middle (3)", "High (4-5)" ) ) ) -> High (4-5) | AK67: {=IF( tblMergedCleaned[[#This Row],[Overall_Rating]]="", "", --(tblMergedCleaned[[#This Row],[Overall_Rating]]<=2) )} -> 0 | AL67: =IF( tblMergedCleaned[[#This Row],[Definitely_Recommend_Pct]]="", "", --(tblMergedCleaned[[#This Row],[Definitely_Recommend_Pct]]<TX_Median_Recommend) ) -> 0 | AM67: =IF( tblMergedCleaned[[#This Row],[Readmission_Comparison]]="", "", --(tblMergedCleaned[[#This Row],[Readmission_Comparison]]="Worse") ) -> 0 | AN67: =COUNT( tblMergedCleaned[[#This Row],[Low_Rating_Flag]:[Worse_Readmission_Flag]] ) -> 3 | AO67: =SUM( tblMergedCleaned[[#This Row],[Low_Rating_Flag]:[Worse_Readmission_Flag]] ) -> 0 | AP67: =IF( tblMergedCleaned[[#This Row],[Signals_Available_Count]]<3, "Limited data", IF( tblMergedCleaned[[#This Row],[Screening_Signal_Count]]=3, "Priority 1", IF( tblMergedCleaned[[#This Row],[Screening_Signal_Count]]=2, "Priority 2", IF( tblMergedCleaned[[#This Row],[Screening_Signal_Count]]=1, "Monitor", "No flagged signals" ) ) ) ) -> No flagged signals | AQ67: =IF( tblMergedCleaned[[#This Row],[Definitely_Recommend_Pct]]="", "Unavailable", IF( tblMergedCleaned[[#This Row],[Definitely_Recommend_Pct]]<=TX_Recommend_Q1, "Q1 - Lowest", IF( tblMergedCleaned[[#This Row],[Definitely_Recommend_Pct]]<=TX_Median_Recommend, "Q2", IF( tblMergedCleaned[[#This Row],[Definitely_Recommend_Pct]]<=TX_Recommend_Q3, "Q3", "Q4 - Highest" ) ) ) ) -> Q3 | AR67: =IF( tblMergedCleaned[[#This Row],[Definitely_Recommend_Pct]]="", "", tblMergedCleaned[[#This Row],[Definitely_Recommend_Pct]]-TX_Median_Recommend ) -> 3 | AS67: =IF( tblMergedCleaned[[#This Row],[Readmission_Rate_Pct]]="", "", tblMergedCleaned[[#This Row],[Readmission_Rate_Pct]]-TX_Median_Readmission ) -> -0.5
A68: 450211 | B68: CHI ST LUKES HEALTH MEMORIAL LUFKIN | C68: 1201 WEST FRANK STREET | D68: LUFKIN | E68: TX | F68: 75901 | G68: ANGELINA | H68: (936) 634-8111 | I68: Acute Care Hospitals | J68: Voluntary non-profit - Private | K68: Yes | L68: 2 | M68: 2 | O68: 77 | P68: 79 | Q68: 62 | R68: 85 | S68: 71 | T68: 72 | U68: 509 | V68: 16 | W68: 45474 | X68: 45838 | Y68: 16 | Z68: No Different | AA68: 1341 | AB68: 14.7 | AC68: 17.3 | AE68: 45108 | AF68: 45473 | AG68: TRUE | AH68: TRUE | AI68: TRUE | AJ68: =IF(tblMergedCleaned[[#This Row],[Overall_Rating]]= "", "Unavailable", IF(tblMergedCleaned[[#This Row],[Overall_Rating]]<= 2, "Low (1-2)", IF(tblMergedCleaned[[#This Row],[Overall_Rating]]= 3, "Middle (3)", "High (4-5)" ) ) ) -> Low (1-2) | AK68: {=IF( tblMergedCleaned[[#This Row],[Overall_Rating]]="", "", --(tblMergedCleaned[[#This Row],[Overall_Rating]]<=2) )} -> 1 | AL68: =IF( tblMergedCleaned[[#This Row],[Definitely_Recommend_Pct]]="", "", --(tblMergedCleaned[[#This Row],[Definitely_Recommend_Pct]]<TX_Median_Recommend) ) -> 0 | AM68: =IF( tblMergedCleaned[[#This Row],[Readmission_Comparison]]="", "", --(tblMergedCleaned[[#This Row],[Readmission_Comparison]]="Worse") ) -> 0 | AN68: =COUNT( tblMergedCleaned[[#This Row],[Low_Rating_Flag]:[Worse_Readmission_Flag]] ) -> 3 | AO68: =SUM( tblMergedCleaned[[#This Row],[Low_Rating_Flag]:[Worse_Readmission_Flag]] ) -> 1 | AP68: =IF( tblMergedCleaned[[#This Row],[Signals_Available_Count]]<3, "Limited data", IF( tblMergedCleaned[[#This Row],[Screening_Signal_Count]]=3, "Priority 1", IF( tblMergedCleaned[[#This Row],[Screening_Signal_Count]]=2, "Priority 2", IF( tblMergedCleaned[[#This Row],[Screening_Signal_Count]]=1, "Monitor", "No flagged signals" ) ) ) ) -> Monitor | AQ68: =IF( tblMergedCleaned[[#This Row],[Definitely_Recommend_Pct]]="", "Unavailable", IF( tblMergedCleaned[[#This Row],[Definitely_Recommend_Pct]]<=TX_Recommend_Q1, "Q1 - Lowest", IF( tblMergedCleaned[[#This Row],[Definitely_Recommend_Pct]]<=TX_Median_Recommend, "Q2", IF( tblMergedCleaned[[#This Row],[Definitely_Recommend_Pct]]<=TX_Recommend_Q3, "Q3", "Q4 - Highest" ) ) ) ) -> Q3 | AR68: =IF( tblMergedCleaned[[#This Row],[Definitely_Recommend_Pct]]="", "", tblMergedCleaned[[#This Row],[Definitely_Recommend_Pct]]-TX_Median_Recommend ) -> 1 | AS68: =IF( tblMergedCleaned[[#This Row],[Readmission_Rate_Pct]]="", "", tblMergedCleaned[[#This Row],[Readmission_Rate_Pct]]-TX_Median_Readmission ) -> 1.1
A69: 450213 | B69: UNIVERSITY HEALTH SYSTEM | C69: 4502 MEDICAL DR | D69: SAN ANTONIO | E69: TX | F69: 78229 | G69: BEXAR | H69: (210) 358-2637 | I69: Acute Care Hospitals | J69: Government - Hospital District or Authority | K69: Yes | L69: 3 | M69: 3 | O69: 76 | P69: 78 | Q69: 59 | R69: 85 | S69: 75 | T69: 76 | U69: 2306 | V69: 22 | W69: 45474 | X69: 45838 | Y69: 15.1 | Z69: No Different | AA69: 2215 | AB69: 14.1 | AC69: 16.2 | AE69: 45108 | AF69: 45473 | AG69: TRUE | AH69: TRUE | AI69: TRUE | AJ69: =IF(tblMergedCleaned[[#This Row],[Overall_Rating]]= "", "Unavailable", IF(tblMergedCleaned[[#This Row],[Overall_Rating]]<= 2, "Low (1-2)", IF(tblMergedCleaned[[#This Row],[Overall_Rating]]= 3, "Middle (3)", "High (4-5)" ) ) ) -> Middle (3) | AK69: {=IF( tblMergedCleaned[[#This Row],[Overall_Rating]]="", "", --(tblMergedCleaned[[#This Row],[Overall_Rating]]<=2) )} -> 0 | AL69: =IF( tblMergedCleaned[[#This Row],[Definitely_Recommend_Pct]]="", "", --(tblMergedCleaned[[#This Row],[Definitely_Recommend_Pct]]<TX_Median_Recommend) ) -> 0 | AM69: =IF( tblMergedCleaned[[#This Row],[Readmission_Comparison]]="", "", --(tblMergedCleaned[[#This Row],[Readmission_Comparison]]="Worse") ) -> 0 | AN69: =COUNT( tblMergedCleaned[[#This Row],[Low_Rating_Flag]:[Worse_Readmission_Flag]] ) -> 3 | AO69: =SUM( tblMergedCleaned[[#This Row],[Low_Rating_Flag]:[Worse_Readmission_Flag]] ) -> 0 | AP69: =IF( tblMergedCleaned[[#This Row],[Signals_Available_Count]]<3, "Limited data", IF( tblMergedCleaned[[#This Row],[Screening_Signal_Count]]=3, "Priority 1", IF( tblMergedCleaned[[#This Row],[Screening_Signal_Count]]=2, "Priority 2", IF( tblMergedCleaned[[#This Row],[Screening_Signal_Count]]=1, "Monitor", "No flagged signals" ) ) ) ) -> No flagged signals | AQ69: =IF( tblMergedCleaned[[#This Row],[Definitely_Recommend_Pct]]="", "Unavailable", IF( tblMergedCleaned[[#This Row],[Definitely_Recommend_Pct]]<=TX_Recommend_Q1, "Q1 - Lowest", IF( tblMergedCleaned[[#This Row],[Definitely_Recommend_Pct]]<=TX_Median_Recommend, "Q2", IF( tblMergedCleaned[[#This Row],[Definitely_Recommend_Pct]]<=TX_Recommend_Q3, "Q3", "Q4 - Highest" ) ) ) ) -> Q3 | AR69: =IF( tblMergedCleaned[[#This Row],[Definitely_Recommend_Pct]]="", "", tblMergedCleaned[[#This Row],[Definitely_Recommend_Pct]]-TX_Median_Recommend ) -> 5 | AS69: =IF( tblMergedCleaned[[#This Row],[Readmission_Rate_Pct]]="", "", tblMergedCleaned[[#This Row],[Readmission_Rate_Pct]]-TX_Median_Readmission ) -> 0.2
A70: 450222 | B70: HCA HOUSTON HEALTHCARE CONROE | C70: 504 MEDICAL CENTER BLVD | D70: CONROE | E70: TX | F70: 77304 | G70: MONTGOMERY | H70: (936) 539-1111 | I70: Acute Care Hospitals | J70: Proprietary | K70: Yes | L70: 2 | M70: 2 | O70: 72 | P70: 67 | Q70: 54 | R70: 77 | S70: 61 | T70: 57 | U70: 554 | V70: 13 | W70: 45474 | X70: 45838 | Y70: 16.9 | Z70: Worse | AA70: 1564 | AB70: 15.6 | AC70: 18.2 | AE70: 45108 | AF70: 45473 | AG70: TRUE | AH70: TRUE | AI70: TRUE | AJ70: =IF(tblMergedCleaned[[#This Row],[Overall_Rating]]= "", "Unavailable", IF(tblMergedCleaned[[#This Row],[Overall_Rating]]<= 2, "Low (1-2)", IF(tblMergedCleaned[[#This Row],[Overall_Rating]]= 3, "Middle (3)", "High (4-5)" ) ) ) -> Low (1-2) | AK70: {=IF( tblMergedCleaned[[#This Row],[Overall_Rating]]="", "", --(tblMergedCleaned[[#This Row],[Overall_Rating]]<=2) )} -> 1 | AL70: =IF( tblMergedCleaned[[#This Row],[Definitely_Recommend_Pct]]="", "", --(tblMergedCleaned[[#This Row],[Definitely_Recommend_Pct]]<TX_Median_Recommend) ) -> 1 | AM70: =IF( tblMergedCleaned[[#This Row],[Readmission_Comparison]]="", "", --(tblMergedCleaned[[#This Row],[Readmission_Comparison]]="Worse") ) -> 1 | AN70: =COUNT( tblMergedCleaned[[#This Row],[Low_Rating_Flag]:[Worse_Readmission_Flag]] ) -> 3 | AO70: =SUM( tblMergedCleaned[[#This Row],[Low_Rating_Flag]:[Worse_Readmission_Flag]] ) -> 3 | AP70: =IF( tblMergedCleaned[[#This Row],[Signals_Available_Count]]<3, "Limited data", IF( tblMergedCleaned[[#This Row],[Screening_Signal_Count]]=3, "Priority 1", IF( tblMergedCleaned[[#This Row],[Screening_Signal_Count]]=2, "Priority 2", IF( tblMergedCleaned[[#This Row],[Screening_Signal_Count]]=1, "Monitor", "No flagged signals" ) ) ) ) -> Priority 1 | AQ70: =IF( tblMergedCleaned[[#This Row],[Definitely_Recommend_Pct]]="", "Unavailable", IF( tblMergedCleaned[[#This Row],[Definitely_Recommend_Pct]]<=TX_Recommend_Q1, "Q1 - Lowest", IF( tblMergedCleaned[[#This Row],[Definitely_Recommend_Pct]]<=TX_Median_Recommend, "Q2", IF( tblMergedCleaned[[#This Row],[Definitely_Recommend_Pct]]<=TX_Recommend_Q3, "Q3", "Q4 - Highest" ) ) ) ) -> Q1 - Lowest | AR70: =IF( tblMergedCleaned[[#This Row],[Definitely_Recommend_Pct]]="", "", tblMergedCleaned[[#This Row],[Definitely_Recommend_Pct]]-TX_Median_Recommend ) -> -14 | AS70: =IF( tblMergedCleaned[[#This Row],[Readmission_Rate_Pct]]="", "", tblMergedCleaned[[#This Row],[Readmission_Rate_Pct]]-TX_Median_Readmission ) -> 2
A71: 450229 | B71: HENDRICK MEDICAL CENTER | C71: 1900 PINE | D71: ABILENE | E71: TX | F71: 79601 | G71: TAYLOR | H71: (325) 670-2000 | I71: Acute Care Hospitals | J71: Voluntary non-profit - Private | K71: Yes | L71: 3 | M71: 3 | O71: 74 | P71: 77 | Q71: 58 | R71: 89 | S71: 64 | T71: 65 | U71: 361 | V71: 17 | W71: 45474 | X71: 45838 | Y71: 15.1 | Z71: No Different | AA71: 5402 | AB71: 14.3 | AC71: 15.9 | AE71: 45108 | AF71: 45473 | AG71: TRUE | AH71: TRUE | AI71: TRUE | AJ71: =IF(tblMergedCleaned[[#This Row],[Overall_Rating]]= "", "Unavailable", IF(tblMergedCleaned[[#This Row],[Overall_Rating]]<= 2, "Low (1-2)", IF(tblMergedCleaned[[#This Row],[Overall_Rating]]= 3, "Middle (3)", "High (4-5)" ) ) ) -> Middle (3) | AK71: {=IF( tblMergedCleaned[[#This Row],[Overall_Rating]]="", "", --(tblMergedCleaned[[#This Row],[Overall_Rating]]<=2) )} -> 0 | AL71: =IF( tblMergedCleaned[[#This Row],[Definitely_Recommend_Pct]]="", "", --(tblMergedCleaned[[#This Row],[Definitely_Recommend_Pct]]<TX_Median_Recommend) ) -> 1 | AM71: =IF( tblMergedCleaned[[#This Row],[Readmission_Comparison]]="", "", --(tblMergedCleaned[[#This Row],[Readmission_Comparison]]="Worse") ) -> 0 | AN71: =COUNT( tblMergedCleaned[[#This Row],[Low_Rating_Flag]:[Worse_Readmission_Flag]] ) -> 3 | AO71: =SUM( tblMergedCleaned[[#This Row],[Low_Rating_Flag]:[Worse_Readmission_Flag]] ) -> 1 | AP71: =IF( tblMergedCleaned[[#This Row],[Signals_Available_Count]]<3, "Limited data", IF( tblMergedCleaned[[#This Row],[Screening_Signal_Count]]=3, "Priority 1", IF( tblMergedCleaned[[#This Row],[Screening_Signal_Count]]=2, "Priority 2", IF( tblMergedCleaned[[#This Row],[Screening_Signal_Count]]=1, "Monitor", "No flagged signals" ) ) ) ) -> Monitor | AQ71: =IF( tblMergedCleaned[[#This Row],[Definitely_Recommend_Pct]]="", "Unavailable", IF( tblMergedCleaned[[#This Row],[Definitely_Recommend_Pct]]<=TX_Recommend_Q1, "Q1 - Lowest", IF( tblMergedCleaned[[#This Row],[Definitely_Recommend_Pct]]<=TX_Median_Recommend, "Q2", IF( tblMergedCleaned[[#This Row],[Definitely_Recommend_Pct]]<=TX_Recommend_Q3, "Q3", "Q4 - Highest" ) ) ) ) -> Q1 - Lowest | AR71: =IF( tblMergedCleaned[[#This Row],[Definitely_Recommend_Pct]]="", "", tblMergedCleaned[[#This Row],[Definitely_Recommend_Pct]]-TX_Median_Recommend ) -> -6 | AS71: =IF( tblMergedCleaned[[#This Row],[Readmission_Rate_Pct]]="", "", tblMergedCleaned[[#This Row],[Readmission_Rate_Pct]]-TX_Median_Readmission ) -> 0.2
